fx_rate_id,base_currency,quote_currency,rate_date,rate,source,updated_at
fxr_704f76c4,INR,USD,2026-08-01,0.01179505,kv_synthetic_feed,2026-08-18T10:00:00+05:30
fxr_19f4365b,INR,EUR,2026-08-01,0.01088862,kv_synthetic_feed,2026-08-18T10:00:00+05:30
fxr_f5bf5618,INR,GBP,2026-08-01,0.00934834,kv_synthetic_feed,2026-08-18T10:00:00+05:30
fxr_ad878220,INR,AED,2026-08-01,0.04353409,kv_synthetic_feed,2026-08-18T10:00:00+05:30
fxr_15558ca5,INR,SGD,2026-08-01,0.01585128,kv_synthetic_feed,2026-08-18T10:00:00+05:30
fxr_55208ad6,INR,THB,2026-08-01,0.4132703,kv_synthetic_feed,2026-08-18T10:00:00+05:30
fxr_92d30341,INR,LKR,2026-08-01,3.47993177,kv_synthetic_feed,2026-08-18T10:00:00+05:30
fxr_82221073,INR,NPR,2026-08-01,1.57916158,kv_synthetic_feed,2026-08-18T10:00:00+05:30
fxr_b79cd06d,INR,BTN,2026-08-01,0.98235955,kv_synthetic_feed,2026-08-18T10:00:00+05:30
fxr_f7ea64c0,INR,MVR,2026-08-01,0.18162545,kv_synthetic_feed,2026-08-18T10:00:00+05:30
fxr_897d1584,INR,JPY,2026-08-01,1.78955622,kv_synthetic_feed,2026-08-18T10:00:00+05:30
fxr_2d9c8324,INR,KRW,2026-08-01,15.96212893,kv_synthetic_feed,2026-08-18T10:00:00+05:30
fxr_a74fd3c8,INR,KWD,2026-08-01,0.00361853,kv_synthetic_feed,2026-08-18T10:00:00+05:30
fxr_9617f15a,INR,BHD,2026-08-01,0.00443051,kv_synthetic_feed,2026-08-18T10:00:00+05:30
fxr_1e7626d9,INR,AUD,2026-08-01,0.01814218,kv_synthetic_feed,2026-08-18T10:00:00+05:30
fxr_95666485,INR,CAD,2026-08-01,0.0161881,kv_synthetic_feed,2026-08-18T10:00:00+05:30
fxr_e2928d4f,INR,CHF,2026-08-01,0.01036647,kv_synthetic_feed,2026-08-18T10:00:00+05:30
fxr_d6f4526d,INR,MYR,2026-08-01,0.05276753,kv_synthetic_feed,2026-08-18T10:00:00+05:30
fxr_3f742aa3,INR,IDR,2026-08-01,190.98970719,kv_synthetic_feed,2026-08-18T10:00:00+05:30
fxr_cf40b799,INR,VND,2026-08-01,299.9802451,kv_synthetic_feed,2026-08-18T10:00:00+05:30
fxr_ba5a2c09,INR,CNY,2026-08-01,0.08534817,kv_synthetic_feed,2026-08-18T10:00:00+05:30
fxr_b319f704,INR,QAR,2026-08-01,0.04302163,kv_synthetic_feed,2026-08-18T10:00:00+05:30
fxr_473bc904,INR,SAR,2026-08-01,0.04430888,kv_synthetic_feed,2026-08-18T10:00:00+05:30
fxr_3eead5e6,INR,NZD,2026-08-01,0.01978935,kv_synthetic_feed,2026-08-18T10:00:00+05:30
fxr_c2fd8863,USD,INR,2026-08-01,82.04577252,kv_synthetic_feed,2026-08-18T10:00:00+05:30
fxr_2465772f,USD,EUR,2026-08-01,0.90648215,kv_synthetic_feed,2026-08-18T10:00:00+05:30
fxr_477577ea,USD,GBP,2026-08-01,0.78091349,kv_synthetic_feed,2026-08-18T10:00:00+05:30
fxr_9b5df711,USD,AED,2026-08-01,3.60820537,kv_synthetic_feed,2026-08-18T10:00:00+05:30
fxr_7d9f1c62,USD,SGD,2026-08-01,1.32142005,kv_synthetic_feed,2026-08-18T10:00:00+05:30
fxr_73333b59,USD,THB,2026-08-01,34.47364901,kv_synthetic_feed,2026-08-18T10:00:00+05:30
fxr_8feeb1ce,USD,LKR,2026-08-01,291.35932266,kv_synthetic_feed,2026-08-18T10:00:00+05:30
fxr_4d2087db,USD,NPR,2026-08-01,131.38456198,kv_synthetic_feed,2026-08-18T10:00:00+05:30
fxr_964d5217,USD,BTN,2026-08-01,81.71508334,kv_synthetic_feed,2026-08-18T10:00:00+05:30
fxr_594356ad,USD,MVR,2026-08-01,15.20558956,kv_synthetic_feed,2026-08-18T10:00:00+05:30
fxr_4331a415,USD,JPY,2026-08-01,148.60111287,kv_synthetic_feed,2026-08-18T10:00:00+05:30
fxr_5f8c77b9,USD,KRW,2026-08-01,1325.51020253,kv_synthetic_feed,2026-08-18T10:00:00+05:30
fxr_a18b7923,USD,KWD,2026-08-01,0.30203699,kv_synthetic_feed,2026-08-18T10:00:00+05:30
fxr_2f422ae7,USD,BHD,2026-08-01,0.37071645,kv_synthetic_feed,2026-08-18T10:00:00+05:30
fxr_8055e4e3,USD,AUD,2026-08-01,1.50742452,kv_synthetic_feed,2026-08-18T10:00:00+05:30
fxr_4a702c46,USD,CAD,2026-08-01,1.34711622,kv_synthetic_feed,2026-08-18T10:00:00+05:30
fxr_c750b59e,USD,CHF,2026-08-01,0.85968391,kv_synthetic_feed,2026-08-18T10:00:00+05:30
fxr_8a500e08,USD,MYR,2026-08-01,4.41687971,kv_synthetic_feed,2026-08-18T10:00:00+05:30
fxr_dfff9d1c,USD,IDR,2026-08-01,15933.66796904,kv_synthetic_feed,2026-08-18T10:00:00+05:30
fxr_9894bf71,USD,VND,2026-08-01,24912.74277269,kv_synthetic_feed,2026-08-18T10:00:00+05:30
fxr_7bc98921,USD,CNY,2026-08-01,7.12084185,kv_synthetic_feed,2026-08-18T10:00:00+05:30
fxr_3b55da1e,USD,QAR,2026-08-01,3.57517313,kv_synthetic_feed,2026-08-18T10:00:00+05:30
fxr_709d2e29,USD,SAR,2026-08-01,3.69165453,kv_synthetic_feed,2026-08-18T10:00:00+05:30
fxr_0f8e0241,USD,NZD,2026-08-01,1.64177146,kv_synthetic_feed,2026-08-18T10:00:00+05:30
fxr_b8652ed5,INR,USD,2026-08-07,0.01180362,kv_synthetic_feed,2026-08-18T10:00:00+05:30
fxr_4ca4e7fb,INR,EUR,2026-08-07,0.01091635,kv_synthetic_feed,2026-08-18T10:00:00+05:30
fxr_0331eaa5,INR,GBP,2026-08-07,0.00933466,kv_synthetic_feed,2026-08-18T10:00:00+05:30
fxr_ed2ff181,INR,AED,2026-08-07,0.04342367,kv_synthetic_feed,2026-08-18T10:00:00+05:30
fxr_ad3d58e3,INR,SGD,2026-08-07,0.01591231,kv_synthetic_feed,2026-08-18T10:00:00+05:30
fxr_c9592114,INR,THB,2026-08-07,0.41567217,kv_synthetic_feed,2026-08-18T10:00:00+05:30
fxr_c21156d7,INR,LKR,2026-08-07,3.50430143,kv_synthetic_feed,2026-08-18T10:00:00+05:30
fxr_8151b6ae,INR,NPR,2026-08-07,1.57338241,kv_synthetic_feed,2026-08-18T10:00:00+05:30
fxr_c58dd4b2,INR,BTN,2026-08-07,0.98254389,kv_synthetic_feed,2026-08-18T10:00:00+05:30
fxr_02cff156,INR,MVR,2026-08-07,0.18213677,kv_synthetic_feed,2026-08-18T10:00:00+05:30
fxr_e067fab0,INR,JPY,2026-08-07,1.79871631,kv_synthetic_feed,2026-08-18T10:00:00+05:30
fxr_8028e3a4,INR,KRW,2026-08-07,16.01161928,kv_synthetic_feed,2026-08-18T10:00:00+05:30
fxr_72c773ae,INR,KWD,2026-08-07,0.00363632,kv_synthetic_feed,2026-08-18T10:00:00+05:30
fxr_0d4d8a80,INR,BHD,2026-08-07,0.00443726,kv_synthetic_feed,2026-08-18T10:00:00+05:30
fxr_8f30c8a9,INR,AUD,2026-08-07,0.01813075,kv_synthetic_feed,2026-08-18T10:00:00+05:30
fxr_dc3b0aa9,INR,CAD,2026-08-07,0.01620698,kv_synthetic_feed,2026-08-18T10:00:00+05:30
fxr_fc218cc4,INR,CHF,2026-08-07,0.01030984,kv_synthetic_feed,2026-08-18T10:00:00+05:30
fxr_540530ee,INR,MYR,2026-08-07,0.05274914,kv_synthetic_feed,2026-08-18T10:00:00+05:30
fxr_419158ba,INR,IDR,2026-08-07,192.43970918,kv_synthetic_feed,2026-08-18T10:00:00+05:30
fxr_9651e810,INR,VND,2026-08-07,300.29132392,kv_synthetic_feed,2026-08-18T10:00:00+05:30
fxr_ea7f862e,INR,CNY,2026-08-07,0.08518125,kv_synthetic_feed,2026-08-18T10:00:00+05:30
fxr_f06dc6dd,INR,QAR,2026-08-07,0.04299683,kv_synthetic_feed,2026-08-18T10:00:00+05:30
fxr_c9b5b179,INR,SAR,2026-08-07,0.04443231,kv_synthetic_feed,2026-08-18T10:00:00+05:30
fxr_37e743bf,INR,NZD,2026-08-07,0.01983555,kv_synthetic_feed,2026-08-18T10:00:00+05:30
fxr_2b0b7423,USD,INR,2026-08-07,82.31934802,kv_synthetic_feed,2026-08-18T10:00:00+05:30
fxr_30d7bb45,USD,EUR,2026-08-07,0.91268398,kv_synthetic_feed,2026-08-18T10:00:00+05:30
fxr_88fc8458,USD,GBP,2026-08-07,0.78202371,kv_synthetic_feed,2026-08-18T10:00:00+05:30
fxr_d5ad6613,USD,AED,2026-08-07,3.62422003,kv_synthetic_feed,2026-08-18T10:00:00+05:30
fxr_04da2aef,USD,SGD,2026-08-07,1.31864233,kv_synthetic_feed,2026-08-18T10:00:00+05:30
fxr_d538e8df,USD,THB,2026-08-07,34.47513742,kv_synthetic_feed,2026-08-18T10:00:00+05:30
fxr_122b5c1c,USD,LKR,2026-08-07,292.05516992,kv_synthetic_feed,2026-08-18T10:00:00+05:30
fxr_1cc0625c,USD,NPR,2026-08-07,130.99293218,kv_synthetic_feed,2026-08-18T10:00:00+05:30
fxr_b50afb72,USD,BTN,2026-08-07,81.76800952,kv_synthetic_feed,2026-08-18T10:00:00+05:30
fxr_18ddb46a,USD,MVR,2026-08-07,15.14609608,kv_synthetic_feed,2026-08-18T10:00:00+05:30
fxr_b5d0870c,USD,JPY,2026-08-07,148.98143542,kv_synthetic_feed,2026-08-18T10:00:00+05:30
fxr_85d3d8b9,USD,KRW,2026-08-07,1333.82564993,kv_synthetic_feed,2026-08-18T10:00:00+05:30
fxr_48218131,USD,KWD,2026-08-07,0.3023282,kv_synthetic_feed,2026-08-18T10:00:00+05:30
fxr_470ff389,USD,BHD,2026-08-07,0.36964269,kv_synthetic_feed,2026-08-18T10:00:00+05:30
fxr_d5674040,USD,AUD,2026-08-07,1.51524432,kv_synthetic_feed,2026-08-18T10:00:00+05:30
fxr_7258d9ef,USD,CAD,2026-08-07,1.35271918,kv_synthetic_feed,2026-08-18T10:00:00+05:30
fxr_d8bfce90,USD,CHF,2026-08-07,0.85917882,kv_synthetic_feed,2026-08-18T10:00:00+05:30
fxr_841b8ae1,USD,MYR,2026-08-07,4.42434352,kv_synthetic_feed,2026-08-18T10:00:00+05:30
fxr_cf8f6f93,USD,IDR,2026-08-07,16028.36936341,kv_synthetic_feed,2026-08-18T10:00:00+05:30
fxr_e5d3fb82,USD,VND,2026-08-07,24957.87432755,kv_synthetic_feed,2026-08-18T10:00:00+05:30
fxr_a930e443,USD,CNY,2026-08-07,7.12343617,kv_synthetic_feed,2026-08-18T10:00:00+05:30
fxr_bb8c691a,USD,QAR,2026-08-07,3.59241252,kv_synthetic_feed,2026-08-18T10:00:00+05:30
fxr_d6bf938f,USD,SAR,2026-08-07,3.68093863,kv_synthetic_feed,2026-08-18T10:00:00+05:30
fxr_15888d39,USD,NZD,2026-08-07,1.64726402,kv_synthetic_feed,2026-08-18T10:00:00+05:30
fxr_3b9db9a7,INR,USD,2026-08-13,0.01188733,kv_synthetic_feed,2026-08-18T10:00:00+05:30
fxr_93a5ba21,INR,EUR,2026-08-13,0.01098788,kv_synthetic_feed,2026-08-18T10:00:00+05:30
fxr_ca9e02d8,INR,GBP,2026-08-13,0.00934399,kv_synthetic_feed,2026-08-18T10:00:00+05:30
fxr_b4928374,INR,AED,2026-08-13,0.04347554,kv_synthetic_feed,2026-08-18T10:00:00+05:30
fxr_13f54945,INR,SGD,2026-08-13,0.015948,kv_synthetic_feed,2026-08-18T10:00:00+05:30
fxr_27b97e14,INR,THB,2026-08-13,0.41449786,kv_synthetic_feed,2026-08-18T10:00:00+05:30
fxr_dc61b1d4,INR,LKR,2026-08-13,3.4984305,kv_synthetic_feed,2026-08-18T10:00:00+05:30
fxr_01e445e2,INR,NPR,2026-08-13,1.58270412,kv_synthetic_feed,2026-08-18T10:00:00+05:30
fxr_d133fc40,INR,BTN,2026-08-13,0.9893749,kv_synthetic_feed,2026-08-18T10:00:00+05:30
fxr_b9f80697,INR,MVR,2026-08-13,0.1820009,kv_synthetic_feed,2026-08-18T10:00:00+05:30
fxr_077b5d14,INR,JPY,2026-08-13,1.80398148,kv_synthetic_feed,2026-08-18T10:00:00+05:30
fxr_e2e0f6e4,INR,KRW,2026-08-13,15.94248783,kv_synthetic_feed,2026-08-18T10:00:00+05:30
fxr_52373bca,INR,KWD,2026-08-13,0.00363735,kv_synthetic_feed,2026-08-18T10:00:00+05:30
fxr_4b1eb6b0,INR,BHD,2026-08-13,0.00447101,kv_synthetic_feed,2026-08-18T10:00:00+05:30
fxr_2543d5f6,INR,AUD,2026-08-13,0.01814423,kv_synthetic_feed,2026-08-18T10:00:00+05:30
fxr_5c15d787,INR,CAD,2026-08-13,0.01635069,kv_synthetic_feed,2026-08-18T10:00:00+05:30
fxr_2370f676,INR,CHF,2026-08-13,0.01040379,kv_synthetic_feed,2026-08-18T10:00:00+05:30
fxr_55854e52,INR,MYR,2026-08-13,0.0529768,kv_synthetic_feed,2026-08-18T10:00:00+05:30
fxr_a8542868,INR,IDR,2026-08-13,193.03954315,kv_synthetic_feed,2026-08-18T10:00:00+05:30
fxr_d5c0503b,INR,VND,2026-08-13,301.19985957,kv_synthetic_feed,2026-08-18T10:00:00+05:30
fxr_b2429154,INR,CNY,2026-08-13,0.08552963,kv_synthetic_feed,2026-08-18T10:00:00+05:30
fxr_84451f71,INR,QAR,2026-08-13,0.04322808,kv_synthetic_feed,2026-08-18T10:00:00+05:30
fxr_80c62728,INR,SAR,2026-08-13,0.0444074,kv_synthetic_feed,2026-08-18T10:00:00+05:30
fxr_48845621,INR,NZD,2026-08-13,0.01986886,kv_synthetic_feed,2026-08-18T10:00:00+05:30
fxr_d1fdea43,USD,INR,2026-08-13,82.04144134,kv_synthetic_feed,2026-08-18T10:00:00+05:30
fxr_b75ee71e,USD,EUR,2026-08-13,0.9160659,kv_synthetic_feed,2026-08-18T10:00:00+05:30
fxr_040db4cc,USD,GBP,2026-08-13,0.77981752,kv_synthetic_feed,2026-08-18T10:00:00+05:30
fxr_48e99952,USD,AED,2026-08-13,3.62774801,kv_synthetic_feed,2026-08-18T10:00:00+05:30
fxr_b465aaa5,USD,SGD,2026-08-13,1.32196367,kv_synthetic_feed,2026-08-18T10:00:00+05:30
fxr_a1991c80,USD,THB,2026-08-13,34.63786994,kv_synthetic_feed,2026-08-18T10:00:00+05:30
fxr_f36c0312,USD,LKR,2026-08-13,293.13563291,kv_synthetic_feed,2026-08-18T10:00:00+05:30
fxr_e2866d45,USD,NPR,2026-08-13,131.92613088,kv_synthetic_feed,2026-08-18T10:00:00+05:30
fxr_99557ed3,USD,BTN,2026-08-13,81.98408567,kv_synthetic_feed,2026-08-18T10:00:00+05:30
fxr_ac1a37bc,USD,MVR,2026-08-13,15.20357186,kv_synthetic_feed,2026-08-18T10:00:00+05:30
fxr_b94f6af1,USD,JPY,2026-08-13,149.56948633,kv_synthetic_feed,2026-08-18T10:00:00+05:30
fxr_1bdd4376,USD,KRW,2026-08-13,1332.41130105,kv_synthetic_feed,2026-08-18T10:00:00+05:30
fxr_3324e4e9,USD,KWD,2026-08-13,0.3021293,kv_synthetic_feed,2026-08-18T10:00:00+05:30
fxr_f0e98fd3,USD,BHD,2026-08-13,0.37274294,kv_synthetic_feed,2026-08-18T10:00:00+05:30
fxr_40b18e91,USD,AUD,2026-08-13,1.50899427,kv_synthetic_feed,2026-08-18T10:00:00+05:30
fxr_7503976e,USD,CAD,2026-08-13,1.35854774,kv_synthetic_feed,2026-08-18T10:00:00+05:30
fxr_148e90bf,USD,CHF,2026-08-13,0.8673374,kv_synthetic_feed,2026-08-18T10:00:00+05:30
fxr_7e0e6783,USD,MYR,2026-08-13,4.4203869,kv_synthetic_feed,2026-08-18T10:00:00+05:30
fxr_7eca4491,USD,IDR,2026-08-13,16039.04601305,kv_synthetic_feed,2026-08-18T10:00:00+05:30
fxr_daad7571,USD,VND,2026-08-13,25027.7726899,kv_synthetic_feed,2026-08-18T10:00:00+05:30
fxr_bbabdcc5,USD,CNY,2026-08-13,7.15048306,kv_synthetic_feed,2026-08-18T10:00:00+05:30
fxr_8fc855c5,USD,QAR,2026-08-13,3.60674587,kv_synthetic_feed,2026-08-18T10:00:00+05:30
fxr_a5ae8e56,USD,SAR,2026-08-13,3.69459213,kv_synthetic_feed,2026-08-18T10:00:00+05:30
fxr_3ba50875,USD,NZD,2026-08-13,1.65386935,kv_synthetic_feed,2026-08-18T10:00:00+05:30
fxr_49ec88c0,INR,USD,2026-08-19,0.01187971,kv_synthetic_feed,2026-08-18T10:00:00+05:30
fxr_81d564b2,INR,EUR,2026-08-19,0.01098835,kv_synthetic_feed,2026-08-18T10:00:00+05:30
fxr_123952f2,INR,GBP,2026-08-19,0.00942025,kv_synthetic_feed,2026-08-18T10:00:00+05:30
fxr_cb0f270d,INR,AED,2026-08-19,0.04359916,kv_synthetic_feed,2026-08-18T10:00:00+05:30
fxr_1026e88c,INR,SGD,2026-08-19,0.01599715,kv_synthetic_feed,2026-08-18T10:00:00+05:30
fxr_e28e756e,INR,THB,2026-08-19,0.41654734,kv_synthetic_feed,2026-08-18T10:00:00+05:30
fxr_6505c72d,INR,LKR,2026-08-19,3.50060917,kv_synthetic_feed,2026-08-18T10:00:00+05:30
fxr_80e74621,INR,NPR,2026-08-19,1.58044888,kv_synthetic_feed,2026-08-18T10:00:00+05:30
fxr_4e7398f7,INR,BTN,2026-08-19,0.99277216,kv_synthetic_feed,2026-08-18T10:00:00+05:30
fxr_a97388d0,INR,MVR,2026-08-19,0.18378488,kv_synthetic_feed,2026-08-18T10:00:00+05:30
fxr_d729c888,INR,JPY,2026-08-19,1.80588107,kv_synthetic_feed,2026-08-18T10:00:00+05:30
fxr_9b4f524b,INR,KRW,2026-08-19,16.0109033,kv_synthetic_feed,2026-08-18T10:00:00+05:30
fxr_d5383cad,INR,KWD,2026-08-19,0.00365471,kv_synthetic_feed,2026-08-18T10:00:00+05:30
fxr_ccad363f,INR,BHD,2026-08-19,0.00446795,kv_synthetic_feed,2026-08-18T10:00:00+05:30
fxr_e19b3d85,INR,AUD,2026-08-19,0.01826646,kv_synthetic_feed,2026-08-18T10:00:00+05:30
fxr_8903cf35,INR,CAD,2026-08-19,0.01637901,kv_synthetic_feed,2026-08-18T10:00:00+05:30
fxr_1b83a98f,INR,CHF,2026-08-19,0.01036438,kv_synthetic_feed,2026-08-18T10:00:00+05:30
fxr_b78d9420,INR,MYR,2026-08-19,0.05304795,kv_synthetic_feed,2026-08-18T10:00:00+05:30
fxr_be892931,INR,IDR,2026-08-19,193.03484803,kv_synthetic_feed,2026-08-18T10:00:00+05:30
fxr_023de606,INR,VND,2026-08-19,302.2695033,kv_synthetic_feed,2026-08-18T10:00:00+05:30
fxr_bc414648,INR,CNY,2026-08-19,0.08567288,kv_synthetic_feed,2026-08-18T10:00:00+05:30
fxr_82f45d49,INR,QAR,2026-08-19,0.04314025,kv_synthetic_feed,2026-08-18T10:00:00+05:30
fxr_bf204b52,INR,SAR,2026-08-19,0.04468746,kv_synthetic_feed,2026-08-18T10:00:00+05:30
fxr_34a80b3a,INR,NZD,2026-08-19,0.01984499,kv_synthetic_feed,2026-08-18T10:00:00+05:30
fxr_4c278944,USD,INR,2026-08-19,82.27436592,kv_synthetic_feed,2026-08-18T10:00:00+05:30
fxr_c1236cfe,USD,EUR,2026-08-19,0.91276525,kv_synthetic_feed,2026-08-18T10:00:00+05:30
fxr_7c9bcd11,USD,GBP,2026-08-19,0.7821344,kv_synthetic_feed,2026-08-18T10:00:00+05:30
fxr_29387670,USD,AED,2026-08-19,3.64877108,kv_synthetic_feed,2026-08-18T10:00:00+05:30
fxr_02869c25,USD,SGD,2026-08-19,1.32781713,kv_synthetic_feed,2026-08-18T10:00:00+05:30
fxr_89681dcb,USD,THB,2026-08-19,34.82697528,kv_synthetic_feed,2026-08-18T10:00:00+05:30
fxr_588c6c8f,USD,LKR,2026-08-19,292.95283093,kv_synthetic_feed,2026-08-18T10:00:00+05:30
fxr_ac0f2d88,USD,NPR,2026-08-19,131.77207668,kv_synthetic_feed,2026-08-18T10:00:00+05:30
fxr_fbe7f88a,USD,BTN,2026-08-19,82.54039204,kv_synthetic_feed,2026-08-18T10:00:00+05:30
fxr_5854aac3,USD,MVR,2026-08-19,15.2879979,kv_synthetic_feed,2026-08-18T10:00:00+05:30
fxr_2f57a54b,USD,JPY,2026-08-19,149.74434169,kv_synthetic_feed,2026-08-18T10:00:00+05:30
fxr_20967acb,USD,KRW,2026-08-19,1338.45214234,kv_synthetic_feed,2026-08-18T10:00:00+05:30
fxr_0fa72179,USD,KWD,2026-08-19,0.30357039,kv_synthetic_feed,2026-08-18T10:00:00+05:30
fxr_aaf2e3b5,USD,BHD,2026-08-19,0.37422827,kv_synthetic_feed,2026-08-18T10:00:00+05:30
fxr_4c14baaf,USD,AUD,2026-08-19,1.5232304,kv_synthetic_feed,2026-08-18T10:00:00+05:30
fxr_bed18614,USD,CAD,2026-08-19,1.35836292,kv_synthetic_feed,2026-08-18T10:00:00+05:30
fxr_62f91eb8,USD,CHF,2026-08-19,0.86842012,kv_synthetic_feed,2026-08-18T10:00:00+05:30
fxr_eb41e88d,USD,MYR,2026-08-19,4.41983218,kv_synthetic_feed,2026-08-18T10:00:00+05:30
fxr_8f8a541c,USD,IDR,2026-08-19,16091.92066262,kv_synthetic_feed,2026-08-18T10:00:00+05:30
fxr_07cd7c1b,USD,VND,2026-08-19,25119.34075647,kv_synthetic_feed,2026-08-18T10:00:00+05:30
fxr_714d7b33,USD,CNY,2026-08-19,7.14258649,kv_synthetic_feed,2026-08-18T10:00:00+05:30
fxr_b59dbb61,USD,QAR,2026-08-19,3.59646224,kv_synthetic_feed,2026-08-18T10:00:00+05:30
fxr_5ad95dfd,USD,SAR,2026-08-19,3.72289872,kv_synthetic_feed,2026-08-18T10:00:00+05:30
fxr_482bf79d,USD,NZD,2026-08-19,1.65306888,kv_synthetic_feed,2026-08-18T10:00:00+05:30
fxr_7f78277f,INR,USD,2026-08-25,0.01193958,kv_synthetic_feed,2026-08-18T10:00:00+05:30
fxr_2bd17e8c,INR,EUR,2026-08-25,0.01099471,kv_synthetic_feed,2026-08-18T10:00:00+05:30
fxr_316b88d3,INR,GBP,2026-08-25,0.00946257,kv_synthetic_feed,2026-08-18T10:00:00+05:30
fxr_3dc72fd3,INR,AED,2026-08-25,0.04376405,kv_synthetic_feed,2026-08-18T10:00:00+05:30
fxr_07647cc0,INR,SGD,2026-08-25,0.01598019,kv_synthetic_feed,2026-08-18T10:00:00+05:30
fxr_59b06958,INR,THB,2026-08-25,0.4184782,kv_synthetic_feed,2026-08-18T10:00:00+05:30
fxr_ad142f33,INR,LKR,2026-08-25,3.53319088,kv_synthetic_feed,2026-08-18T10:00:00+05:30
fxr_74353677,INR,NPR,2026-08-25,1.59088524,kv_synthetic_feed,2026-08-18T10:00:00+05:30
fxr_9d9450cc,INR,BTN,2026-08-25,0.99457741,kv_synthetic_feed,2026-08-18T10:00:00+05:30
fxr_2b908327,INR,MVR,2026-08-25,0.18407044,kv_synthetic_feed,2026-08-18T10:00:00+05:30
fxr_8bbd9101,INR,JPY,2026-08-25,1.79937083,kv_synthetic_feed,2026-08-18T10:00:00+05:30
fxr_2d8d56ea,INR,KRW,2026-08-25,16.06840099,kv_synthetic_feed,2026-08-18T10:00:00+05:30
fxr_cd7ea4fb,INR,KWD,2026-08-25,0.0036578,kv_synthetic_feed,2026-08-18T10:00:00+05:30
fxr_e8f8280f,INR,BHD,2026-08-25,0.00449785,kv_synthetic_feed,2026-08-18T10:00:00+05:30
fxr_5721952c,INR,AUD,2026-08-25,0.01823054,kv_synthetic_feed,2026-08-18T10:00:00+05:30
fxr_5055559a,INR,CAD,2026-08-25,0.01635162,kv_synthetic_feed,2026-08-18T10:00:00+05:30
fxr_a7d33829,INR,CHF,2026-08-25,0.01038557,kv_synthetic_feed,2026-08-18T10:00:00+05:30
fxr_686c2cad,INR,MYR,2026-08-25,0.05326161,kv_synthetic_feed,2026-08-18T10:00:00+05:30
fxr_f3140c67,INR,IDR,2026-08-25,194.09748116,kv_synthetic_feed,2026-08-18T10:00:00+05:30
fxr_aaf3e1ef,INR,VND,2026-08-25,302.11527086,kv_synthetic_feed,2026-08-18T10:00:00+05:30
fxr_e3409066,INR,CNY,2026-08-25,0.08628659,kv_synthetic_feed,2026-08-18T10:00:00+05:30
fxr_8b29eadd,INR,QAR,2026-08-25,0.0434359,kv_synthetic_feed,2026-08-18T10:00:00+05:30
fxr_216915a8,INR,SAR,2026-08-25,0.04455684,kv_synthetic_feed,2026-08-18T10:00:00+05:30
fxr_8f5a9d1d,INR,NZD,2026-08-25,0.0199394,kv_synthetic_feed,2026-08-18T10:00:00+05:30
fxr_52e2050c,USD,INR,2026-08-25,82.75213156,kv_synthetic_feed,2026-08-18T10:00:00+05:30
fxr_0f5c9f80,USD,EUR,2026-08-25,0.91844184,kv_synthetic_feed,2026-08-18T10:00:00+05:30
fxr_91942fde,USD,GBP,2026-08-25,0.78771785,kv_synthetic_feed,2026-08-18T10:00:00+05:30
fxr_c45fdc35,USD,AED,2026-08-25,3.64855369,kv_synthetic_feed,2026-08-18T10:00:00+05:30
fxr_e05b7a9e,USD,SGD,2026-08-25,1.33015586,kv_synthetic_feed,2026-08-18T10:00:00+05:30
fxr_a798d166,USD,THB,2026-08-25,34.86997238,kv_synthetic_feed,2026-08-18T10:00:00+05:30
fxr_649da67c,USD,LKR,2026-08-25,293.43603836,kv_synthetic_feed,2026-08-18T10:00:00+05:30
fxr_3e34b659,USD,NPR,2026-08-25,132.44583268,kv_synthetic_feed,2026-08-18T10:00:00+05:30
fxr_fdab1ff4,USD,BTN,2026-08-25,82.51665128,kv_synthetic_feed,2026-08-18T10:00:00+05:30
fxr_ca3c277b,USD,MVR,2026-08-25,15.27031151,kv_synthetic_feed,2026-08-18T10:00:00+05:30
fxr_6a4a386d,USD,JPY,2026-08-25,150.49475557,kv_synthetic_feed,2026-08-18T10:00:00+05:30
fxr_746fc68e,USD,KRW,2026-08-25,1336.04915681,kv_synthetic_feed,2026-08-18T10:00:00+05:30
fxr_02f79e09,USD,KWD,2026-08-25,0.30487078,kv_synthetic_feed,2026-08-18T10:00:00+05:30
fxr_ccfb56e1,USD,BHD,2026-08-25,0.37299131,kv_synthetic_feed,2026-08-18T10:00:00+05:30
fxr_65985442,USD,AUD,2026-08-25,1.51787684,kv_synthetic_feed,2026-08-18T10:00:00+05:30
fxr_41554dff,USD,CAD,2026-08-25,1.36339828,kv_synthetic_feed,2026-08-18T10:00:00+05:30
fxr_5551938f,USD,CHF,2026-08-25,0.87053896,kv_synthetic_feed,2026-08-18T10:00:00+05:30
fxr_c56b98ce,USD,MYR,2026-08-25,4.44650704,kv_synthetic_feed,2026-08-18T10:00:00+05:30
fxr_755d512d,USD,IDR,2026-08-25,16183.37343952,kv_synthetic_feed,2026-08-18T10:00:00+05:30
fxr_b2f57192,USD,VND,2026-08-25,25320.91048698,kv_synthetic_feed,2026-08-18T10:00:00+05:30
fxr_864357e3,USD,CNY,2026-08-25,7.179121,kv_synthetic_feed,2026-08-18T10:00:00+05:30
fxr_b757446b,USD,QAR,2026-08-25,3.6089367,kv_synthetic_feed,2026-08-18T10:00:00+05:30
fxr_15ba75da,USD,SAR,2026-08-25,3.72070675,kv_synthetic_feed,2026-08-18T10:00:00+05:30
fxr_492c487a,USD,NZD,2026-08-25,1.65966359,kv_synthetic_feed,2026-08-18T10:00:00+05:30
fxr_03258c21,INR,USD,2026-08-31,0.01195605,kv_synthetic_feed,2026-08-18T10:00:00+05:30
fxr_aed11e38,INR,EUR,2026-08-31,0.01104246,kv_synthetic_feed,2026-08-18T10:00:00+05:30
fxr_c0ac7fca,INR,GBP,2026-08-31,0.00943634,kv_synthetic_feed,2026-08-18T10:00:00+05:30
fxr_52893d03,INR,AED,2026-08-31,0.04382642,kv_synthetic_feed,2026-08-18T10:00:00+05:30
fxr_ffdf7c1a,INR,SGD,2026-08-31,0.01600945,kv_synthetic_feed,2026-08-18T10:00:00+05:30
fxr_94fd98fe,INR,THB,2026-08-31,0.41855489,kv_synthetic_feed,2026-08-18T10:00:00+05:30
fxr_f2e5ffcb,INR,LKR,2026-08-31,3.52218309,kv_synthetic_feed,2026-08-18T10:00:00+05:30
fxr_d2f754df,INR,NPR,2026-08-31,1.59167482,kv_synthetic_feed,2026-08-18T10:00:00+05:30
fxr_c736a6df,INR,BTN,2026-08-31,0.99603094,kv_synthetic_feed,2026-08-18T10:00:00+05:30
fxr_ca52fcf3,INR,MVR,2026-08-31,0.1847429,kv_synthetic_feed,2026-08-18T10:00:00+05:30
fxr_69fa08a4,INR,JPY,2026-08-31,1.80976363,kv_synthetic_feed,2026-08-18T10:00:00+05:30
fxr_8738f9b4,INR,KRW,2026-08-31,16.16057437,kv_synthetic_feed,2026-08-18T10:00:00+05:30
fxr_9d417092,INR,KWD,2026-08-31,0.00365344,kv_synthetic_feed,2026-08-18T10:00:00+05:30
fxr_fdf48307,INR,BHD,2026-08-31,0.00450641,kv_synthetic_feed,2026-08-18T10:00:00+05:30
fxr_f0144a26,INR,AUD,2026-08-31,0.01824364,kv_synthetic_feed,2026-08-18T10:00:00+05:30
fxr_7ed63480,INR,CAD,2026-08-31,0.01647874,kv_synthetic_feed,2026-08-18T10:00:00+05:30
fxr_53afa4ac,INR,CHF,2026-08-31,0.01046498,kv_synthetic_feed,2026-08-18T10:00:00+05:30
fxr_a47751d2,INR,MYR,2026-08-31,0.05338862,kv_synthetic_feed,2026-08-18T10:00:00+05:30
fxr_8b5ab027,INR,IDR,2026-08-31,194.3385381,kv_synthetic_feed,2026-08-18T10:00:00+05:30
fxr_b1390594,INR,VND,2026-08-31,304.44825748,kv_synthetic_feed,2026-08-18T10:00:00+05:30
fxr_886629d0,INR,CNY,2026-08-31,0.08618715,kv_synthetic_feed,2026-08-18T10:00:00+05:30
fxr_f9cc219f,INR,QAR,2026-08-31,0.04365827,kv_synthetic_feed,2026-08-18T10:00:00+05:30
fxr_ec39cc5d,INR,SAR,2026-08-31,0.04491409,kv_synthetic_feed,2026-08-18T10:00:00+05:30
fxr_8d3d785d,INR,NZD,2026-08-31,0.02004933,kv_synthetic_feed,2026-08-18T10:00:00+05:30
fxr_8c1b3926,USD,INR,2026-08-31,82.71701275,kv_synthetic_feed,2026-08-18T10:00:00+05:30
fxr_7c2aea8f,USD,EUR,2026-08-31,0.92410657,kv_synthetic_feed,2026-08-18T10:00:00+05:30
fxr_501df898,USD,GBP,2026-08-31,0.78923584,kv_synthetic_feed,2026-08-18T10:00:00+05:30
fxr_18754bb4,USD,AED,2026-08-31,3.66443288,kv_synthetic_feed,2026-08-18T10:00:00+05:30
fxr_87da4777,USD,SGD,2026-08-31,1.33443321,kv_synthetic_feed,2026-08-18T10:00:00+05:30
fxr_34a003f1,USD,THB,2026-08-31,34.95488582,kv_synthetic_feed,2026-08-18T10:00:00+05:30
fxr_4765d38c,USD,LKR,2026-08-31,294.74581909,kv_synthetic_feed,2026-08-18T10:00:00+05:30
fxr_9124c302,USD,NPR,2026-08-31,132.42514926,kv_synthetic_feed,2026-08-18T10:00:00+05:30
fxr_8f0f8414,USD,BTN,2026-08-31,82.83258922,kv_synthetic_feed,2026-08-18T10:00:00+05:30
fxr_e4900f42,USD,MVR,2026-08-31,15.40336655,kv_synthetic_feed,2026-08-18T10:00:00+05:30
fxr_2bad6a63,USD,JPY,2026-08-31,151.30820012,kv_synthetic_feed,2026-08-18T10:00:00+05:30
fxr_d718ccd3,USD,KRW,2026-08-31,1348.18884974,kv_synthetic_feed,2026-08-18T10:00:00+05:30
fxr_d7f64123,USD,KWD,2026-08-31,0.3058038,kv_synthetic_feed,2026-08-18T10:00:00+05:30
fxr_0e9c82de,USD,BHD,2026-08-31,0.37594096,kv_synthetic_feed,2026-08-18T10:00:00+05:30
fxr_1b4fd092,USD,AUD,2026-08-31,1.52582728,kv_synthetic_feed,2026-08-18T10:00:00+05:30
fxr_2bc713ff,USD,CAD,2026-08-31,1.36726181,kv_synthetic_feed,2026-08-18T10:00:00+05:30
fxr_efb93ca3,USD,CHF,2026-08-31,0.8683064,kv_synthetic_feed,2026-08-18T10:00:00+05:30
fxr_6d0e724d,USD,MYR,2026-08-31,4.46771081,kv_synthetic_feed,2026-08-18T10:00:00+05:30
fxr_3d2e5f26,USD,IDR,2026-08-31,16212.95850879,kv_synthetic_feed,2026-08-18T10:00:00+05:30
fxr_7c01e7c6,USD,VND,2026-08-31,25384.39222891,kv_synthetic_feed,2026-08-18T10:00:00+05:30
fxr_d56333fb,USD,CNY,2026-08-31,7.21087566,kv_synthetic_feed,2026-08-18T10:00:00+05:30
fxr_6ccfebd6,USD,QAR,2026-08-31,3.61261043,kv_synthetic_feed,2026-08-18T10:00:00+05:30
fxr_11680edf,USD,SAR,2026-08-31,3.73170724,kv_synthetic_feed,2026-08-18T10:00:00+05:30
fxr_cca25084,USD,NZD,2026-08-31,1.6633427,kv_synthetic_feed,2026-08-18T10:00:00+05:30
fxr_2ebd3444,INR,USD,2026-09-06,0.01194132,kv_synthetic_feed,2026-08-18T10:00:00+05:30
fxr_f7eef2a6,INR,EUR,2026-09-06,0.0110572,kv_synthetic_feed,2026-08-18T10:00:00+05:30
fxr_f2e1b062,INR,GBP,2026-09-06,0.00948642,kv_synthetic_feed,2026-08-18T10:00:00+05:30
fxr_9f6f133c,INR,AED,2026-09-06,0.0438666,kv_synthetic_feed,2026-08-18T10:00:00+05:30
fxr_f55f0f9c,INR,SGD,2026-09-06,0.01601618,kv_synthetic_feed,2026-08-18T10:00:00+05:30
fxr_88bf5819,INR,THB,2026-09-06,0.41940654,kv_synthetic_feed,2026-08-18T10:00:00+05:30
fxr_7f20951f,INR,LKR,2026-09-06,3.55028754,kv_synthetic_feed,2026-08-18T10:00:00+05:30
fxr_0a339196,INR,NPR,2026-09-06,1.60331667,kv_synthetic_feed,2026-08-18T10:00:00+05:30
fxr_4e0398b2,INR,BTN,2026-09-06,0.99748144,kv_synthetic_feed,2026-08-18T10:00:00+05:30
fxr_cf85163e,INR,MVR,2026-09-06,0.18441493,kv_synthetic_feed,2026-08-18T10:00:00+05:30
fxr_582a1a86,INR,JPY,2026-09-06,1.81328939,kv_synthetic_feed,2026-08-18T10:00:00+05:30
fxr_0802ac87,INR,KRW,2026-09-06,16.22969865,kv_synthetic_feed,2026-08-18T10:00:00+05:30
fxr_0e61ba9e,INR,KWD,2026-09-06,0.0036867,kv_synthetic_feed,2026-08-18T10:00:00+05:30
fxr_49040fcf,INR,BHD,2026-09-06,0.00450159,kv_synthetic_feed,2026-08-18T10:00:00+05:30
fxr_8053a219,INR,AUD,2026-09-06,0.01831805,kv_synthetic_feed,2026-08-18T10:00:00+05:30
fxr_bd2dffbd,INR,CAD,2026-09-06,0.01653301,kv_synthetic_feed,2026-08-18T10:00:00+05:30
fxr_4a410fd2,INR,CHF,2026-09-06,0.01051575,kv_synthetic_feed,2026-08-18T10:00:00+05:30
fxr_26a80f3f,INR,MYR,2026-09-06,0.05367563,kv_synthetic_feed,2026-08-18T10:00:00+05:30
fxr_6533cd53,INR,IDR,2026-09-06,194.72268336,kv_synthetic_feed,2026-08-18T10:00:00+05:30
fxr_f114a648,INR,VND,2026-09-06,305.63358549,kv_synthetic_feed,2026-08-18T10:00:00+05:30
fxr_ebf9f82b,INR,CNY,2026-09-06,0.0864757,kv_synthetic_feed,2026-08-18T10:00:00+05:30
fxr_8a4c2964,INR,QAR,2026-09-06,0.043673,kv_synthetic_feed,2026-08-18T10:00:00+05:30
fxr_a198c6d3,INR,SAR,2026-09-06,0.04485587,kv_synthetic_feed,2026-08-18T10:00:00+05:30
fxr_8e9eedc5,INR,NZD,2026-09-06,0.02010162,kv_synthetic_feed,2026-08-18T10:00:00+05:30
fxr_b2f95a6e,USD,INR,2026-09-06,83.04450103,kv_synthetic_feed,2026-08-18T10:00:00+05:30
fxr_1501e220,USD,EUR,2026-09-06,0.92522642,kv_synthetic_feed,2026-08-18T10:00:00+05:30
fxr_d668357c,USD,GBP,2026-09-06,0.79132262,kv_synthetic_feed,2026-08-18T10:00:00+05:30
fxr_136e5623,USD,AED,2026-09-06,3.68230617,kv_synthetic_feed,2026-08-18T10:00:00+05:30
fxr_51e23d93,USD,SGD,2026-09-06,1.34145613,kv_synthetic_feed,2026-08-18T10:00:00+05:30
fxr_b4fa9068,USD,THB,2026-09-06,35.13331554,kv_synthetic_feed,2026-08-18T10:00:00+05:30
fxr_2b18e69a,USD,LKR,2026-09-06,295.98432254,kv_synthetic_feed,2026-08-18T10:00:00+05:30
fxr_f7eb0fdb,USD,NPR,2026-09-06,132.981491,kv_synthetic_feed,2026-08-18T10:00:00+05:30
fxr_a40827e2,USD,BTN,2026-09-06,83.30956423,kv_synthetic_feed,2026-08-18T10:00:00+05:30
fxr_32bd7ae5,USD,MVR,2026-09-06,15.40182922,kv_synthetic_feed,2026-08-18T10:00:00+05:30
fxr_9686e252,USD,JPY,2026-09-06,151.18459156,kv_synthetic_feed,2026-08-18T10:00:00+05:30
fxr_f5512e37,USD,KRW,2026-09-06,1349.60372655,kv_synthetic_feed,2026-08-18T10:00:00+05:30
fxr_7c39dd90,USD,KWD,2026-09-06,0.3073293,kv_synthetic_feed,2026-08-18T10:00:00+05:30
fxr_0abf9b1f,USD,BHD,2026-09-06,0.37530763,kv_synthetic_feed,2026-08-18T10:00:00+05:30
fxr_b7940a47,USD,AUD,2026-09-06,1.52875312,kv_synthetic_feed,2026-08-18T10:00:00+05:30
fxr_92082ac6,USD,CAD,2026-09-06,1.36945991,kv_synthetic_feed,2026-08-18T10:00:00+05:30
fxr_bf601e0a,USD,CHF,2026-09-06,0.87255442,kv_synthetic_feed,2026-08-18T10:00:00+05:30
fxr_badd5a59,USD,MYR,2026-09-06,4.47496647,kv_synthetic_feed,2026-08-18T10:00:00+05:30
fxr_1311f632,USD,IDR,2026-09-06,16257.28586053,kv_synthetic_feed,2026-08-18T10:00:00+05:30
fxr_cecf4b11,USD,VND,2026-09-06,25402.76503782,kv_synthetic_feed,2026-08-18T10:00:00+05:30
fxr_75872309,USD,CNY,2026-09-06,7.21557162,kv_synthetic_feed,2026-08-18T10:00:00+05:30
fxr_07159e94,USD,QAR,2026-09-06,3.63740423,kv_synthetic_feed,2026-08-18T10:00:00+05:30
fxr_6c8bfed8,USD,SAR,2026-09-06,3.73911108,kv_synthetic_feed,2026-08-18T10:00:00+05:30
fxr_9909ede2,USD,NZD,2026-09-06,1.67396103,kv_synthetic_feed,2026-08-18T10:00:00+05:30
fxr_07efd207,INR,USD,2026-09-12,0.0120125,kv_synthetic_feed,2026-08-18T10:00:00+05:30
fxr_41fce7b2,INR,EUR,2026-09-12,0.01107054,kv_synthetic_feed,2026-08-18T10:00:00+05:30
fxr_c6768972,INR,GBP,2026-09-12,0.00949336,kv_synthetic_feed,2026-08-18T10:00:00+05:30
fxr_b1ff6042,INR,AED,2026-09-12,0.04403612,kv_synthetic_feed,2026-08-18T10:00:00+05:30
fxr_e3359964,INR,SGD,2026-09-12,0.01612218,kv_synthetic_feed,2026-08-18T10:00:00+05:30
fxr_b60e8f57,INR,THB,2026-09-12,0.42059936,kv_synthetic_feed,2026-08-18T10:00:00+05:30
fxr_cdcb0731,INR,LKR,2026-09-12,3.54724765,kv_synthetic_feed,2026-08-18T10:00:00+05:30
fxr_232d5fe9,INR,NPR,2026-09-12,1.60247458,kv_synthetic_feed,2026-08-18T10:00:00+05:30
fxr_f872e33d,INR,BTN,2026-09-12,1.00331691,kv_synthetic_feed,2026-08-18T10:00:00+05:30
fxr_f753ceca,INR,MVR,2026-09-12,0.18559846,kv_synthetic_feed,2026-08-18T10:00:00+05:30
fxr_0ed02621,INR,JPY,2026-09-12,1.81859535,kv_synthetic_feed,2026-08-18T10:00:00+05:30
fxr_40a65995,INR,KRW,2026-09-12,16.20217449,kv_synthetic_feed,2026-08-18T10:00:00+05:30
fxr_18e0c78f,INR,KWD,2026-09-12,0.00367842,kv_synthetic_feed,2026-08-18T10:00:00+05:30
fxr_b3e6eaaf,INR,BHD,2026-09-12,0.00450824,kv_synthetic_feed,2026-08-18T10:00:00+05:30
fxr_02072294,INR,AUD,2026-09-12,0.01849786,kv_synthetic_feed,2026-08-18T10:00:00+05:30
fxr_1fae9dfe,INR,CAD,2026-09-12,0.01647254,kv_synthetic_feed,2026-08-18T10:00:00+05:30
fxr_79f93a43,INR,CHF,2026-09-12,0.01051622,kv_synthetic_feed,2026-08-18T10:00:00+05:30
fxr_0bcc00b1,INR,MYR,2026-09-12,0.05397955,kv_synthetic_feed,2026-08-18T10:00:00+05:30
fxr_391a694f,INR,IDR,2026-09-12,196.01549577,kv_synthetic_feed,2026-08-18T10:00:00+05:30
fxr_1824e400,INR,VND,2026-09-12,305.92670626,kv_synthetic_feed,2026-08-18T10:00:00+05:30
fxr_465362fa,INR,CNY,2026-09-12,0.08639174,kv_synthetic_feed,2026-08-18T10:00:00+05:30
fxr_fa1652f1,INR,QAR,2026-09-12,0.0436478,kv_synthetic_feed,2026-08-18T10:00:00+05:30
fxr_063f87fe,INR,SAR,2026-09-12,0.04500524,kv_synthetic_feed,2026-08-18T10:00:00+05:30
fxr_44c16ceb,INR,NZD,2026-09-12,0.02005379,kv_synthetic_feed,2026-08-18T10:00:00+05:30
fxr_a694276b,USD,INR,2026-09-12,83.13543727,kv_synthetic_feed,2026-08-18T10:00:00+05:30
fxr_51d9c279,USD,EUR,2026-09-12,0.92779234,kv_synthetic_feed,2026-08-18T10:00:00+05:30
fxr_48f15de9,USD,GBP,2026-09-12,0.79521906,kv_synthetic_feed,2026-08-18T10:00:00+05:30
fxr_c23280c3,USD,AED,2026-09-12,3.69012891,kv_synthetic_feed,2026-08-18T10:00:00+05:30
fxr_92aab581,USD,SGD,2026-09-12,1.34676379,kv_synthetic_feed,2026-08-18T10:00:00+05:30
fxr_ee33c372,USD,THB,2026-09-12,35.22961618,kv_synthetic_feed,2026-08-18T10:00:00+05:30
fxr_ff387729,USD,LKR,2026-09-12,295.62015173,kv_synthetic_feed,2026-08-18T10:00:00+05:30
fxr_9249eb97,USD,NPR,2026-09-12,133.20458098,kv_synthetic_feed,2026-08-18T10:00:00+05:30
fxr_ee76925f,USD,BTN,2026-09-12,83.4003226,kv_synthetic_feed,2026-08-18T10:00:00+05:30
fxr_2e785d27,USD,MVR,2026-09-12,15.38718357,kv_synthetic_feed,2026-08-18T10:00:00+05:30
fxr_cc1ff479,USD,JPY,2026-09-12,151.80342104,kv_synthetic_feed,2026-08-18T10:00:00+05:30
fxr_161695a9,USD,KRW,2026-09-12,1356.1411637,kv_synthetic_feed,2026-08-18T10:00:00+05:30
fxr_c793ec7b,USD,KWD,2026-09-12,0.30633282,kv_synthetic_feed,2026-08-18T10:00:00+05:30
fxr_11823ac0,USD,BHD,2026-09-12,0.37849138,kv_synthetic_feed,2026-08-18T10:00:00+05:30
fxr_353e6fcb,USD,AUD,2026-09-12,1.53561039,kv_synthetic_feed,2026-08-18T10:00:00+05:30
fxr_cd45deb7,USD,CAD,2026-09-12,1.37602199,kv_synthetic_feed,2026-08-18T10:00:00+05:30
fxr_ee2f5692,USD,CHF,2026-09-12,0.87612526,kv_synthetic_feed,2026-08-18T10:00:00+05:30
fxr_438e4c97,USD,MYR,2026-09-12,4.47461619,kv_synthetic_feed,2026-08-18T10:00:00+05:30
fxr_de243883,USD,IDR,2026-09-12,16255.53061503,kv_synthetic_feed,2026-08-18T10:00:00+05:30
fxr_24ea50a3,USD,VND,2026-09-12,25375.22348278,kv_synthetic_feed,2026-08-18T10:00:00+05:30
fxr_adabd8b9,USD,CNY,2026-09-12,7.23601562,kv_synthetic_feed,2026-08-18T10:00:00+05:30
fxr_36bbb38c,USD,QAR,2026-09-12,3.65432813,kv_synthetic_feed,2026-08-18T10:00:00+05:30
fxr_89ed5215,USD,SAR,2026-09-12,3.74733315,kv_synthetic_feed,2026-08-18T10:00:00+05:30
fxr_059b1d1c,USD,NZD,2026-09-12,1.68050019,kv_synthetic_feed,2026-08-18T10:00:00+05:30
fxr_db61147a,INR,USD,2026-09-18,0.01205758,kv_synthetic_feed,2026-08-18T10:00:00+05:30
fxr_75ee6e6e,INR,EUR,2026-09-18,0.01114687,kv_synthetic_feed,2026-08-18T10:00:00+05:30
fxr_4e497079,INR,GBP,2026-09-18,0.00954682,kv_synthetic_feed,2026-08-18T10:00:00+05:30
fxr_1d57ecb2,INR,AED,2026-09-18,0.04415978,kv_synthetic_feed,2026-08-18T10:00:00+05:30
fxr_278da425,INR,SGD,2026-09-18,0.01618788,kv_synthetic_feed,2026-08-18T10:00:00+05:30
fxr_c309f735,INR,THB,2026-09-18,0.42427283,kv_synthetic_feed,2026-08-18T10:00:00+05:30
fxr_a63e2024,INR,LKR,2026-09-18,3.57114478,kv_synthetic_feed,2026-08-18T10:00:00+05:30
fxr_2e28df7b,INR,NPR,2026-09-18,1.60135875,kv_synthetic_feed,2026-08-18T10:00:00+05:30
fxr_797b1109,INR,BTN,2026-09-18,1.0080057,kv_synthetic_feed,2026-08-18T10:00:00+05:30
fxr_639d5085,INR,MVR,2026-09-18,0.18546404,kv_synthetic_feed,2026-08-18T10:00:00+05:30
fxr_9081a32c,INR,JPY,2026-09-18,1.8237963,kv_synthetic_feed,2026-08-18T10:00:00+05:30
fxr_a8229d33,INR,KRW,2026-09-18,16.28535458,kv_synthetic_feed,2026-08-18T10:00:00+05:30
fxr_94afb349,INR,KWD,2026-09-18,0.00370856,kv_synthetic_feed,2026-08-18T10:00:00+05:30
fxr_06d4c4bb,INR,BHD,2026-09-18,0.00453765,kv_synthetic_feed,2026-08-18T10:00:00+05:30
fxr_1a7b4a9b,INR,AUD,2026-09-18,0.01852844,kv_synthetic_feed,2026-08-18T10:00:00+05:30
fxr_b9dd7cc2,INR,CAD,2026-09-18,0.01661373,kv_synthetic_feed,2026-08-18T10:00:00+05:30
fxr_651c954e,INR,CHF,2026-09-18,0.0105796,kv_synthetic_feed,2026-08-18T10:00:00+05:30
fxr_f13bf0bb,INR,MYR,2026-09-18,0.05399648,kv_synthetic_feed,2026-08-18T10:00:00+05:30
fxr_48f606a6,INR,IDR,2026-09-18,195.8482095,kv_synthetic_feed,2026-08-18T10:00:00+05:30
fxr_b050ee33,INR,VND,2026-09-18,307.42338905,kv_synthetic_feed,2026-08-18T10:00:00+05:30
fxr_93808b53,INR,CNY,2026-09-18,0.08691611,kv_synthetic_feed,2026-08-18T10:00:00+05:30
fxr_1704f9ad,INR,QAR,2026-09-18,0.04381475,kv_synthetic_feed,2026-08-18T10:00:00+05:30
fxr_2a583227,INR,SAR,2026-09-18,0.04507257,kv_synthetic_feed,2026-08-18T10:00:00+05:30
fxr_b2a4d3b4,INR,NZD,2026-09-18,0.02026306,kv_synthetic_feed,2026-08-18T10:00:00+05:30
fxr_162d28db,USD,INR,2026-09-18,83.69112247,kv_synthetic_feed,2026-08-18T10:00:00+05:30
fxr_3a00a44d,USD,EUR,2026-09-18,0.93177318,kv_synthetic_feed,2026-08-18T10:00:00+05:30
fxr_a1fb97e4,USD,GBP,2026-09-18,0.79533387,kv_synthetic_feed,2026-08-18T10:00:00+05:30
fxr_a385855c,USD,AED,2026-09-18,3.6790806,kv_synthetic_feed,2026-08-18T10:00:00+05:30
fxr_599d59a6,USD,SGD,2026-09-18,1.34401297,kv_synthetic_feed,2026-08-18T10:00:00+05:30
fxr_5d25e754,USD,THB,2026-09-18,35.16234944,kv_synthetic_feed,2026-08-18T10:00:00+05:30
fxr_cbd0cef6,USD,LKR,2026-09-18,296.62100875,kv_synthetic_feed,2026-08-18T10:00:00+05:30
fxr_2a22a1d3,USD,NPR,2026-09-18,133.98598512,kv_synthetic_feed,2026-08-18T10:00:00+05:30
fxr_dfd8fbff,USD,BTN,2026-09-18,83.73699343,kv_synthetic_feed,2026-08-18T10:00:00+05:30
fxr_bbb47e8e,USD,MVR,2026-09-18,15.52184885,kv_synthetic_feed,2026-08-18T10:00:00+05:30
fxr_5e9919fc,USD,JPY,2026-09-18,152.53260407,kv_synthetic_feed,2026-08-18T10:00:00+05:30
fxr_91f82e89,USD,KRW,2026-09-18,1355.98257805,kv_synthetic_feed,2026-08-18T10:00:00+05:30
fxr_6024a72d,USD,KWD,2026-09-18,0.30882598,kv_synthetic_feed,2026-08-18T10:00:00+05:30
fxr_5ec80d68,USD,BHD,2026-09-18,0.37896806,kv_synthetic_feed,2026-08-18T10:00:00+05:30
fxr_37a638a6,USD,AUD,2026-09-18,1.54069513,kv_synthetic_feed,2026-08-18T10:00:00+05:30
fxr_0e4467f0,USD,CAD,2026-09-18,1.38313689,kv_synthetic_feed,2026-08-18T10:00:00+05:30
fxr_0b45f309,USD,CHF,2026-09-18,0.87784128,kv_synthetic_feed,2026-08-18T10:00:00+05:30
fxr_72b5bdeb,USD,MYR,2026-09-18,4.50609093,kv_synthetic_feed,2026-08-18T10:00:00+05:30
fxr_194670fb,USD,IDR,2026-09-18,16319.49837955,kv_synthetic_feed,2026-08-18T10:00:00+05:30
fxr_6286dea3,USD,VND,2026-09-18,25475.16354628,kv_synthetic_feed,2026-08-18T10:00:00+05:30
fxr_edc674f9,USD,CNY,2026-09-18,7.23114572,kv_synthetic_feed,2026-08-18T10:00:00+05:30
fxr_9adf6198,USD,QAR,2026-09-18,3.65300897,kv_synthetic_feed,2026-08-18T10:00:00+05:30
fxr_20de598b,USD,SAR,2026-09-18,3.77712102,kv_synthetic_feed,2026-08-18T10:00:00+05:30
fxr_98d7db87,USD,NZD,2026-09-18,1.67900697,kv_synthetic_feed,2026-08-18T10:00:00+05:30
fxr_fa59a619,INR,USD,2026-09-24,0.01207175,kv_synthetic_feed,2026-08-18T10:00:00+05:30
fxr_3410c0b0,INR,EUR,2026-09-24,0.01122101,kv_synthetic_feed,2026-08-18T10:00:00+05:30
fxr_2e65d1fe,INR,GBP,2026-09-24,0.00958749,kv_synthetic_feed,2026-08-18T10:00:00+05:30
fxr_9c8a9666,INR,AED,2026-09-24,0.04453426,kv_synthetic_feed,2026-08-18T10:00:00+05:30
fxr_f544766d,INR,SGD,2026-09-24,0.01622352,kv_synthetic_feed,2026-08-18T10:00:00+05:30
fxr_3b45c0fa,INR,THB,2026-09-24,0.42415011,kv_synthetic_feed,2026-08-18T10:00:00+05:30
fxr_41cbf715,INR,LKR,2026-09-24,3.58064145,kv_synthetic_feed,2026-08-18T10:00:00+05:30
fxr_6e990b16,INR,NPR,2026-09-24,1.60741587,kv_synthetic_feed,2026-08-18T10:00:00+05:30
fxr_1b0515fc,INR,BTN,2026-09-24,1.00611997,kv_synthetic_feed,2026-08-18T10:00:00+05:30
fxr_abd88726,INR,MVR,2026-09-24,0.18648999,kv_synthetic_feed,2026-08-18T10:00:00+05:30
fxr_fdd9530b,INR,JPY,2026-09-24,1.82890489,kv_synthetic_feed,2026-08-18T10:00:00+05:30
fxr_ed7634af,INR,KRW,2026-09-24,16.33662546,kv_synthetic_feed,2026-08-18T10:00:00+05:30
fxr_1dadaa8f,INR,KWD,2026-09-24,0.00370072,kv_synthetic_feed,2026-08-18T10:00:00+05:30
fxr_63734f44,INR,BHD,2026-09-24,0.00455351,kv_synthetic_feed,2026-08-18T10:00:00+05:30
fxr_723b774f,INR,AUD,2026-09-24,0.01852812,kv_synthetic_feed,2026-08-18T10:00:00+05:30
fxr_862801cd,INR,CAD,2026-09-24,0.0166335,kv_synthetic_feed,2026-08-18T10:00:00+05:30
fxr_ba3d9924,INR,CHF,2026-09-24,0.01056334,kv_synthetic_feed,2026-08-18T10:00:00+05:30
fxr_fe0c9f3e,INR,MYR,2026-09-24,0.05402321,kv_synthetic_feed,2026-08-18T10:00:00+05:30
fxr_1204b2a1,INR,IDR,2026-09-24,196.07543715,kv_synthetic_feed,2026-08-18T10:00:00+05:30
fxr_ec4f7119,INR,VND,2026-09-24,306.5806257,kv_synthetic_feed,2026-08-18T10:00:00+05:30
fxr_9a357e84,INR,CNY,2026-09-24,0.08747404,kv_synthetic_feed,2026-08-18T10:00:00+05:30
fxr_fbb9e27f,INR,QAR,2026-09-24,0.04393419,kv_synthetic_feed,2026-08-18T10:00:00+05:30
fxr_66e8ddd7,INR,SAR,2026-09-24,0.04519153,kv_synthetic_feed,2026-08-18T10:00:00+05:30
fxr_8ab8f7fb,INR,NZD,2026-09-24,0.02032314,kv_synthetic_feed,2026-08-18T10:00:00+05:30
fxr_69fdd397,USD,INR,2026-09-24,84.00085209,kv_synthetic_feed,2026-08-18T10:00:00+05:30
fxr_3d6bfac8,USD,EUR,2026-09-24,0.92915294,kv_synthetic_feed,2026-08-18T10:00:00+05:30
fxr_900c1d8e,USD,GBP,2026-09-24,0.79982535,kv_synthetic_feed,2026-08-18T10:00:00+05:30
fxr_c58627a7,USD,AED,2026-09-24,3.70192948,kv_synthetic_feed,2026-08-18T10:00:00+05:30
fxr_b91b0c7f,USD,SGD,2026-09-24,1.3513412,kv_synthetic_feed,2026-08-18T10:00:00+05:30
fxr_9a48f98e,USD,THB,2026-09-24,35.46128244,kv_synthetic_feed,2026-08-18T10:00:00+05:30
fxr_1eb50573,USD,LKR,2026-09-24,298.42797793,kv_synthetic_feed,2026-08-18T10:00:00+05:30
fxr_3fc74f62,USD,NPR,2026-09-24,134.26680123,kv_synthetic_feed,2026-08-18T10:00:00+05:30
fxr_0acb2ff5,USD,BTN,2026-09-24,83.84784782,kv_synthetic_feed,2026-08-18T10:00:00+05:30
fxr_8a69af4b,USD,MVR,2026-09-24,15.58857927,kv_synthetic_feed,2026-08-18T10:00:00+05:30
fxr_0dd4820f,USD,JPY,2026-09-24,153.04044218,kv_synthetic_feed,2026-08-18T10:00:00+05:30
fxr_06bd3a71,USD,KRW,2026-09-24,1359.34298296,kv_synthetic_feed,2026-08-18T10:00:00+05:30
fxr_358b86d1,USD,KWD,2026-09-24,0.30817853,kv_synthetic_feed,2026-08-18T10:00:00+05:30
fxr_bf09c0ed,USD,BHD,2026-09-24,0.37900497,kv_synthetic_feed,2026-08-18T10:00:00+05:30
fxr_ec183397,USD,AUD,2026-09-24,1.54142365,kv_synthetic_feed,2026-08-18T10:00:00+05:30
fxr_3b0db5dc,USD,CAD,2026-09-24,1.38176519,kv_synthetic_feed,2026-08-18T10:00:00+05:30
fxr_f35ab1c9,USD,CHF,2026-09-24,0.87786933,kv_synthetic_feed,2026-08-18T10:00:00+05:30
fxr_e119bdae,USD,MYR,2026-09-24,4.50762261,kv_synthetic_feed,2026-08-18T10:00:00+05:30
fxr_e83c7968,USD,IDR,2026-09-24,16319.59126536,kv_synthetic_feed,2026-08-18T10:00:00+05:30
fxr_af13c80d,USD,VND,2026-09-24,25614.10238179,kv_synthetic_feed,2026-08-18T10:00:00+05:30
fxr_40faeec6,USD,CNY,2026-09-24,7.26174404,kv_synthetic_feed,2026-08-18T10:00:00+05:30
fxr_557dfecb,USD,QAR,2026-09-24,3.66854343,kv_synthetic_feed,2026-08-18T10:00:00+05:30
fxr_44be0e0a,USD,SAR,2026-09-24,3.7723389,kv_synthetic_feed,2026-08-18T10:00:00+05:30
fxr_ca2bd645,USD,NZD,2026-09-24,1.68280187,kv_synthetic_feed,2026-08-18T10:00:00+05:30
fxr_02e1eb06,INR,USD,2026-09-30,0.01215922,kv_synthetic_feed,2026-08-18T10:00:00+05:30
fxr_d01e8966,INR,EUR,2026-09-30,0.01119328,kv_synthetic_feed,2026-08-18T10:00:00+05:30
fxr_5ec84267,INR,GBP,2026-09-30,0.00958331,kv_synthetic_feed,2026-08-18T10:00:00+05:30
fxr_3f57b541,INR,AED,2026-09-30,0.04456919,kv_synthetic_feed,2026-08-18T10:00:00+05:30
fxr_ecaba8d6,INR,SGD,2026-09-30,0.01628569,kv_synthetic_feed,2026-08-18T10:00:00+05:30
fxr_56b67061,INR,THB,2026-09-30,0.42420652,kv_synthetic_feed,2026-08-18T10:00:00+05:30
fxr_41d717a3,INR,LKR,2026-09-30,3.58870935,kv_synthetic_feed,2026-08-18T10:00:00+05:30
fxr_0fd94196,INR,NPR,2026-09-30,1.621071,kv_synthetic_feed,2026-08-18T10:00:00+05:30
fxr_ebb22832,INR,BTN,2026-09-30,1.01068845,kv_synthetic_feed,2026-08-18T10:00:00+05:30
fxr_f548ceb3,INR,MVR,2026-09-30,0.18717778,kv_synthetic_feed,2026-08-18T10:00:00+05:30
fxr_c273394f,INR,JPY,2026-09-30,1.83324301,kv_synthetic_feed,2026-08-18T10:00:00+05:30
fxr_523823cd,INR,KRW,2026-09-30,16.39869991,kv_synthetic_feed,2026-08-18T10:00:00+05:30
fxr_e6cb8252,INR,KWD,2026-09-30,0.00371713,kv_synthetic_feed,2026-08-18T10:00:00+05:30
fxr_8ad09137,INR,BHD,2026-09-30,0.00455839,kv_synthetic_feed,2026-08-18T10:00:00+05:30
fxr_2ef6c666,INR,AUD,2026-09-30,0.01858515,kv_synthetic_feed,2026-08-18T10:00:00+05:30
fxr_ce865ece,INR,CAD,2026-09-30,0.01670427,kv_synthetic_feed,2026-08-18T10:00:00+05:30
fxr_02cd325d,INR,CHF,2026-09-30,0.01063737,kv_synthetic_feed,2026-08-18T10:00:00+05:30
fxr_46615bac,INR,MYR,2026-09-30,0.05419913,kv_synthetic_feed,2026-08-18T10:00:00+05:30
fxr_15eacf9d,INR,IDR,2026-09-30,197.64981658,kv_synthetic_feed,2026-08-18T10:00:00+05:30
fxr_b9e66a32,INR,VND,2026-09-30,308.12545325,kv_synthetic_feed,2026-08-18T10:00:00+05:30
fxr_ada97649,INR,CNY,2026-09-30,0.08774684,kv_synthetic_feed,2026-08-18T10:00:00+05:30
fxr_1e5d27b6,INR,QAR,2026-09-30,0.04412284,kv_synthetic_feed,2026-08-18T10:00:00+05:30
fxr_919bee03,INR,SAR,2026-09-30,0.0453534,kv_synthetic_feed,2026-08-18T10:00:00+05:30
fxr_dc3be436,INR,NZD,2026-09-30,0.02035355,kv_synthetic_feed,2026-08-18T10:00:00+05:30
fxr_3fa4e418,USD,INR,2026-09-30,83.97224335,kv_synthetic_feed,2026-08-18T10:00:00+05:30
fxr_910e3f7c,USD,EUR,2026-09-30,0.93281603,kv_synthetic_feed,2026-08-18T10:00:00+05:30
fxr_b19a2765,USD,GBP,2026-09-30,0.80176372,kv_synthetic_feed,2026-08-18T10:00:00+05:30
fxr_3e0de054,USD,AED,2026-09-30,3.71165028,kv_synthetic_feed,2026-08-18T10:00:00+05:30
fxr_ab6ba67b,USD,SGD,2026-09-30,1.34985015,kv_synthetic_feed,2026-08-18T10:00:00+05:30
fxr_70e4ed9b,USD,THB,2026-09-30,35.43010029,kv_synthetic_feed,2026-08-18T10:00:00+05:30
fxr_c190af98,USD,LKR,2026-09-30,299.50162296,kv_synthetic_feed,2026-08-18T10:00:00+05:30
fxr_eebe827d,USD,NPR,2026-09-30,134.27181939,kv_synthetic_feed,2026-08-18T10:00:00+05:30
fxr_6a210769,USD,BTN,2026-09-30,83.9915404,kv_synthetic_feed,2026-08-18T10:00:00+05:30
fxr_2949e7a7,USD,MVR,2026-09-30,15.53108481,kv_synthetic_feed,2026-08-18T10:00:00+05:30
fxr_2786b266,USD,JPY,2026-09-30,152.91193317,kv_synthetic_feed,2026-08-18T10:00:00+05:30
fxr_5208efba,USD,KRW,2026-09-30,1361.41099401,kv_synthetic_feed,2026-08-18T10:00:00+05:30
fxr_a9f556d2,USD,KWD,2026-09-30,0.31017808,kv_synthetic_feed,2026-08-18T10:00:00+05:30
fxr_c679826a,USD,BHD,2026-09-30,0.38124768,kv_synthetic_feed,2026-08-18T10:00:00+05:30
fxr_515a0f5a,USD,AUD,2026-09-30,1.54470772,kv_synthetic_feed,2026-08-18T10:00:00+05:30
fxr_27c09a70,USD,CAD,2026-09-30,1.3887991,kv_synthetic_feed,2026-08-18T10:00:00+05:30
fxr_3e579ee6,USD,CHF,2026-09-30,0.88608045,kv_synthetic_feed,2026-08-18T10:00:00+05:30
fxr_aa0931b3,USD,MYR,2026-09-30,4.53178255,kv_synthetic_feed,2026-08-18T10:00:00+05:30
fxr_0cf71a01,USD,IDR,2026-09-30,16377.37649649,kv_synthetic_feed,2026-08-18T10:00:00+05:30
fxr_301713fd,USD,VND,2026-09-30,25730.68732029,kv_synthetic_feed,2026-08-18T10:00:00+05:30
fxr_baac8424,USD,CNY,2026-09-30,7.27812868,kv_synthetic_feed,2026-08-18T10:00:00+05:30
fxr_28a08cbe,USD,QAR,2026-09-30,3.68694498,kv_synthetic_feed,2026-08-18T10:00:00+05:30
fxr_89cfad52,USD,SAR,2026-09-30,3.77664847,kv_synthetic_feed,2026-08-18T10:00:00+05:30
fxr_85a0e596,USD,NZD,2026-09-30,1.69659481,kv_synthetic_feed,2026-08-18T10:00:00+05:30
fxr_7cda3a78,INR,USD,2026-10-06,0.01210772,kv_synthetic_feed,2026-08-18T10:00:00+05:30
fxr_375b5399,INR,EUR,2026-10-06,0.01120408,kv_synthetic_feed,2026-08-18T10:00:00+05:30
fxr_15888e7a,INR,GBP,2026-10-06,0.00959903,kv_synthetic_feed,2026-08-18T10:00:00+05:30
fxr_23ba275b,INR,AED,2026-10-06,0.04474591,kv_synthetic_feed,2026-08-18T10:00:00+05:30
fxr_723a22ef,INR,SGD,2026-10-06,0.01635896,kv_synthetic_feed,2026-08-18T10:00:00+05:30
fxr_a78d0567,INR,THB,2026-10-06,0.42659643,kv_synthetic_feed,2026-08-18T10:00:00+05:30
fxr_395cbd41,INR,LKR,2026-10-06,3.59527438,kv_synthetic_feed,2026-08-18T10:00:00+05:30
fxr_fcda1619,INR,NPR,2026-10-06,1.62018001,kv_synthetic_feed,2026-08-18T10:00:00+05:30
fxr_6d7dd4dd,INR,BTN,2026-10-06,1.01311653,kv_synthetic_feed,2026-08-18T10:00:00+05:30
fxr_c2212950,INR,MVR,2026-10-06,0.18743136,kv_synthetic_feed,2026-08-18T10:00:00+05:30
fxr_9da06905,INR,JPY,2026-10-06,1.84968582,kv_synthetic_feed,2026-08-18T10:00:00+05:30
fxr_7c4c037e,INR,KRW,2026-10-06,16.40817767,kv_synthetic_feed,2026-08-18T10:00:00+05:30
fxr_c95e91e4,INR,KWD,2026-10-06,0.00372954,kv_synthetic_feed,2026-08-18T10:00:00+05:30
fxr_e54c46ca,INR,BHD,2026-10-06,0.00458935,kv_synthetic_feed,2026-08-18T10:00:00+05:30
fxr_f3cb39be,INR,AUD,2026-10-06,0.01860583,kv_synthetic_feed,2026-08-18T10:00:00+05:30
fxr_e62de917,INR,CAD,2026-10-06,0.0167427,kv_synthetic_feed,2026-08-18T10:00:00+05:30
fxr_cb3934fe,INR,CHF,2026-10-06,0.01061345,kv_synthetic_feed,2026-08-18T10:00:00+05:30
fxr_5f0a8ab3,INR,MYR,2026-10-06,0.05443223,kv_synthetic_feed,2026-08-18T10:00:00+05:30
fxr_98cb7de0,INR,IDR,2026-10-06,197.40875559,kv_synthetic_feed,2026-08-18T10:00:00+05:30
fxr_8c6272f2,INR,VND,2026-10-06,309.76338432,kv_synthetic_feed,2026-08-18T10:00:00+05:30
fxr_5a80d4d7,INR,CNY,2026-10-06,0.08797836,kv_synthetic_feed,2026-08-18T10:00:00+05:30
fxr_bb8a9967,INR,QAR,2026-10-06,0.04408332,kv_synthetic_feed,2026-08-18T10:00:00+05:30
fxr_9b782599,INR,SAR,2026-10-06,0.04539402,kv_synthetic_feed,2026-08-18T10:00:00+05:30
fxr_fe850f50,INR,NZD,2026-10-06,0.02033814,kv_synthetic_feed,2026-08-18T10:00:00+05:30
fxr_8ff4c297,USD,INR,2026-10-06,84.67028178,kv_synthetic_feed,2026-08-18T10:00:00+05:30
fxr_9dc02c1e,USD,EUR,2026-10-06,0.93438794,kv_synthetic_feed,2026-08-18T10:00:00+05:30
fxr_6a6c68bd,USD,GBP,2026-10-06,0.80106201,kv_synthetic_feed,2026-08-18T10:00:00+05:30
fxr_1ebf9195,USD,AED,2026-10-06,3.73181957,kv_synthetic_feed,2026-08-18T10:00:00+05:30
fxr_94902c45,USD,SGD,2026-10-06,1.35766454,kv_synthetic_feed,2026-08-18T10:00:00+05:30
fxr_6a852632,USD,THB,2026-10-06,35.48701342,kv_synthetic_feed,2026-08-18T10:00:00+05:30
fxr_729c6853,USD,LKR,2026-10-06,298.97784705,kv_synthetic_feed,2026-08-18T10:00:00+05:30
fxr_d63c53fd,USD,NPR,2026-10-06,134.79646277,kv_synthetic_feed,2026-08-18T10:00:00+05:30
fxr_119e944f,USD,BTN,2026-10-06,84.21381367,kv_synthetic_feed,2026-08-18T10:00:00+05:30
fxr_552345b7,USD,MVR,2026-10-06,15.57980465,kv_synthetic_feed,2026-08-18T10:00:00+05:30
fxr_98d80797,USD,JPY,2026-10-06,153.20702102,kv_synthetic_feed,2026-08-18T10:00:00+05:30
fxr_579ecc9b,USD,KRW,2026-10-06,1366.51040277,kv_synthetic_feed,2026-08-18T10:00:00+05:30
fxr_5a96b92e,USD,KWD,2026-10-06,0.3110731,kv_synthetic_feed,2026-08-18T10:00:00+05:30
fxr_2a08f766,USD,BHD,2026-10-06,0.37997663,kv_synthetic_feed,2026-08-18T10:00:00+05:30
fxr_3ce126b2,USD,AUD,2026-10-06,1.55671707,kv_synthetic_feed,2026-08-18T10:00:00+05:30
fxr_20c7ee61,USD,CAD,2026-10-06,1.39016248,kv_synthetic_feed,2026-08-18T10:00:00+05:30
fxr_6c0dfe98,USD,CHF,2026-10-06,0.88721588,kv_synthetic_feed,2026-08-18T10:00:00+05:30
fxr_be53f2ec,USD,MYR,2026-10-06,4.53195949,kv_synthetic_feed,2026-08-18T10:00:00+05:30
fxr_32f5aa4a,USD,IDR,2026-10-06,16403.46871134,kv_synthetic_feed,2026-08-18T10:00:00+05:30
fxr_db797a62,USD,VND,2026-10-06,25700.51339274,kv_synthetic_feed,2026-08-18T10:00:00+05:30
fxr_ee0a9cdd,USD,CNY,2026-10-06,7.29034774,kv_synthetic_feed,2026-08-18T10:00:00+05:30
fxr_0cf926f5,USD,QAR,2026-10-06,3.69069498,kv_synthetic_feed,2026-08-18T10:00:00+05:30
fxr_2279f673,USD,SAR,2026-10-06,3.80567824,kv_synthetic_feed,2026-08-18T10:00:00+05:30
fxr_5631097b,USD,NZD,2026-10-06,1.69965966,kv_synthetic_feed,2026-08-18T10:00:00+05:30
fxr_0006ef25,INR,USD,2026-10-12,0.01216942,kv_synthetic_feed,2026-08-18T10:00:00+05:30
fxr_3de69110,INR,EUR,2026-10-12,0.01125432,kv_synthetic_feed,2026-08-18T10:00:00+05:30
fxr_21f570b4,INR,GBP,2026-10-12,0.00960197,kv_synthetic_feed,2026-08-18T10:00:00+05:30
fxr_d604c62b,INR,AED,2026-10-12,0.04458577,kv_synthetic_feed,2026-08-18T10:00:00+05:30
fxr_617253e5,INR,SGD,2026-10-12,0.01627148,kv_synthetic_feed,2026-08-18T10:00:00+05:30
fxr_0de7565e,INR,THB,2026-10-12,0.4281422,kv_synthetic_feed,2026-08-18T10:00:00+05:30
fxr_75b1f94f,INR,LKR,2026-10-12,3.59677599,kv_synthetic_feed,2026-08-18T10:00:00+05:30
fxr_cf7593d2,INR,NPR,2026-10-12,1.62063718,kv_synthetic_feed,2026-08-18T10:00:00+05:30
fxr_557397bc,INR,BTN,2026-10-12,1.01697971,kv_synthetic_feed,2026-08-18T10:00:00+05:30
fxr_5ace2d26,INR,MVR,2026-10-12,0.18810175,kv_synthetic_feed,2026-08-18T10:00:00+05:30
fxr_b4035846,INR,JPY,2026-10-12,1.85333311,kv_synthetic_feed,2026-08-18T10:00:00+05:30
fxr_757920ef,INR,KRW,2026-10-12,16.42747461,kv_synthetic_feed,2026-08-18T10:00:00+05:30
fxr_74e1938f,INR,KWD,2026-10-12,0.00373067,kv_synthetic_feed,2026-08-18T10:00:00+05:30
fxr_e825c99d,INR,BHD,2026-10-12,0.00458656,kv_synthetic_feed,2026-08-18T10:00:00+05:30
fxr_864b7793,INR,AUD,2026-10-12,0.01862953,kv_synthetic_feed,2026-08-18T10:00:00+05:30
fxr_48cb5a49,INR,CAD,2026-10-12,0.01668928,kv_synthetic_feed,2026-08-18T10:00:00+05:30
fxr_520bd50a,INR,CHF,2026-10-12,0.01065734,kv_synthetic_feed,2026-08-18T10:00:00+05:30
fxr_b637f775,INR,MYR,2026-10-12,0.05439971,kv_synthetic_feed,2026-08-18T10:00:00+05:30
fxr_641aafa1,INR,IDR,2026-10-12,198.15369324,kv_synthetic_feed,2026-08-18T10:00:00+05:30
fxr_115a4aa0,INR,VND,2026-10-12,309.05837273,kv_synthetic_feed,2026-08-18T10:00:00+05:30
fxr_cb8d073e,INR,CNY,2026-10-12,0.08771596,kv_synthetic_feed,2026-08-18T10:00:00+05:30
fxr_174f2a85,INR,QAR,2026-10-12,0.04428357,kv_synthetic_feed,2026-08-18T10:00:00+05:30
fxr_7cae3f00,INR,SAR,2026-10-12,0.04551137,kv_synthetic_feed,2026-08-18T10:00:00+05:30
fxr_d200b0c3,INR,NZD,2026-10-12,0.02046104,kv_synthetic_feed,2026-08-18T10:00:00+05:30
fxr_c2b13b8a,USD,INR,2026-10-12,84.8793733,kv_synthetic_feed,2026-08-18T10:00:00+05:30
fxr_12c49759,USD,EUR,2026-10-12,0.93571686,kv_synthetic_feed,2026-08-18T10:00:00+05:30
fxr_c931bce8,USD,GBP,2026-10-12,0.80091765,kv_synthetic_feed,2026-08-18T10:00:00+05:30
fxr_14691c25,USD,AED,2026-10-12,3.71949917,kv_synthetic_feed,2026-08-18T10:00:00+05:30
fxr_ce68a617,USD,SGD,2026-10-12,1.35862581,kv_synthetic_feed,2026-08-18T10:00:00+05:30
fxr_44d1471b,USD,THB,2026-10-12,35.49873862,kv_synthetic_feed,2026-08-18T10:00:00+05:30
fxr_a7e75395,USD,LKR,2026-10-12,298.98539807,kv_synthetic_feed,2026-08-18T10:00:00+05:30
fxr_dda21498,USD,NPR,2026-10-12,135.35475002,kv_synthetic_feed,2026-08-18T10:00:00+05:30
fxr_c2955fd6,USD,BTN,2026-10-12,84.72433642,kv_synthetic_feed,2026-08-18T10:00:00+05:30
fxr_8911e7a0,USD,MVR,2026-10-12,15.59954345,kv_synthetic_feed,2026-08-18T10:00:00+05:30
fxr_96681028,USD,JPY,2026-10-12,154.39238916,kv_synthetic_feed,2026-08-18T10:00:00+05:30
fxr_0e322e17,USD,KRW,2026-10-12,1365.02743123,kv_synthetic_feed,2026-08-18T10:00:00+05:30
fxr_fd2fd0a5,USD,KWD,2026-10-12,0.31174086,kv_synthetic_feed,2026-08-18T10:00:00+05:30
fxr_5ce48148,USD,BHD,2026-10-12,0.38098241,kv_synthetic_feed,2026-08-18T10:00:00+05:30
fxr_39b922f0,USD,AUD,2026-10-12,1.55112097,kv_synthetic_feed,2026-08-18T10:00:00+05:30
fxr_10a0afc3,USD,CAD,2026-10-12,1.40051992,kv_synthetic_feed,2026-08-18T10:00:00+05:30
fxr_26c775bc,USD,CHF,2026-10-12,0.88428937,kv_synthetic_feed,2026-08-18T10:00:00+05:30
fxr_598deb48,USD,MYR,2026-10-12,4.54332998,kv_synthetic_feed,2026-08-18T10:00:00+05:30
fxr_cffbce42,USD,IDR,2026-10-12,16548.14839397,kv_synthetic_feed,2026-08-18T10:00:00+05:30
fxr_c551298e,USD,VND,2026-10-12,25714.15940786,kv_synthetic_feed,2026-08-18T10:00:00+05:30
fxr_29501158,USD,CNY,2026-10-12,7.34354019,kv_synthetic_feed,2026-08-18T10:00:00+05:30
fxr_f90520f0,USD,QAR,2026-10-12,3.69954067,kv_synthetic_feed,2026-08-18T10:00:00+05:30
fxr_96f80f87,USD,SAR,2026-10-12,3.80286376,kv_synthetic_feed,2026-08-18T10:00:00+05:30
fxr_3298e664,USD,NZD,2026-10-12,1.70418947,kv_synthetic_feed,2026-08-18T10:00:00+05:30
fxr_31e9236b,INR,USD,2026-10-18,0.01219046,kv_synthetic_feed,2026-08-18T10:00:00+05:30
fxr_e8e17973,INR,EUR,2026-10-18,0.01127554,kv_synthetic_feed,2026-08-18T10:00:00+05:30
fxr_76aca619,INR,GBP,2026-10-18,0.00968442,kv_synthetic_feed,2026-08-18T10:00:00+05:30
fxr_ac203396,INR,AED,2026-10-18,0.04474039,kv_synthetic_feed,2026-08-18T10:00:00+05:30
fxr_85cd91b1,INR,SGD,2026-10-18,0.01640566,kv_synthetic_feed,2026-08-18T10:00:00+05:30
fxr_ea0c4b12,INR,THB,2026-10-18,0.42856874,kv_synthetic_feed,2026-08-18T10:00:00+05:30
fxr_82c2a408,INR,LKR,2026-10-18,3.61969939,kv_synthetic_feed,2026-08-18T10:00:00+05:30
fxr_9da62668,INR,NPR,2026-10-18,1.62144859,kv_synthetic_feed,2026-08-18T10:00:00+05:30
fxr_cc584eab,INR,BTN,2026-10-18,1.015166,kv_synthetic_feed,2026-08-18T10:00:00+05:30
fxr_3e6dd979,INR,MVR,2026-10-18,0.18841992,kv_synthetic_feed,2026-08-18T10:00:00+05:30
fxr_d2c5b6b0,INR,JPY,2026-10-18,1.84718545,kv_synthetic_feed,2026-08-18T10:00:00+05:30
fxr_92410229,INR,KRW,2026-10-18,16.4681143,kv_synthetic_feed,2026-08-18T10:00:00+05:30
fxr_3a1b2935,INR,KWD,2026-10-18,0.00374636,kv_synthetic_feed,2026-08-18T10:00:00+05:30
fxr_6f0971a9,INR,BHD,2026-10-18,0.00458451,kv_synthetic_feed,2026-08-18T10:00:00+05:30
fxr_a678b050,INR,AUD,2026-10-18,0.0186589,kv_synthetic_feed,2026-08-18T10:00:00+05:30
fxr_5ddfaea5,INR,CAD,2026-10-18,0.01674754,kv_synthetic_feed,2026-08-18T10:00:00+05:30
fxr_ff248cd3,INR,CHF,2026-10-18,0.01068806,kv_synthetic_feed,2026-08-18T10:00:00+05:30
fxr_82fe4a46,INR,MYR,2026-10-18,0.05474496,kv_synthetic_feed,2026-08-18T10:00:00+05:30
fxr_6feeaed7,INR,IDR,2026-10-18,197.91379241,kv_synthetic_feed,2026-08-18T10:00:00+05:30
fxr_623c591d,INR,VND,2026-10-18,309.36083926,kv_synthetic_feed,2026-08-18T10:00:00+05:30
fxr_1306960a,INR,CNY,2026-10-18,0.0877389,kv_synthetic_feed,2026-08-18T10:00:00+05:30
fxr_e96256a2,INR,QAR,2026-10-18,0.04444364,kv_synthetic_feed,2026-08-18T10:00:00+05:30
fxr_3ad4c285,INR,SAR,2026-10-18,0.04561122,kv_synthetic_feed,2026-08-18T10:00:00+05:30
fxr_b5bf657c,INR,NZD,2026-10-18,0.0204757,kv_synthetic_feed,2026-08-18T10:00:00+05:30
fxr_0b442355,USD,INR,2026-10-18,84.99047724,kv_synthetic_feed,2026-08-18T10:00:00+05:30
fxr_bb7a1e66,USD,EUR,2026-10-18,0.94132388,kv_synthetic_feed,2026-08-18T10:00:00+05:30
fxr_745afb24,USD,GBP,2026-10-18,0.80513734,kv_synthetic_feed,2026-08-18T10:00:00+05:30
fxr_29bc0ffb,USD,AED,2026-10-18,3.72991652,kv_synthetic_feed,2026-08-18T10:00:00+05:30
fxr_50919897,USD,SGD,2026-10-18,1.35940506,kv_synthetic_feed,2026-08-18T10:00:00+05:30
fxr_ce63f87b,USD,THB,2026-10-18,35.63533412,kv_synthetic_feed,2026-08-18T10:00:00+05:30
fxr_e5eb96a9,USD,LKR,2026-10-18,300.61691072,kv_synthetic_feed,2026-08-18T10:00:00+05:30
fxr_faee0e72,USD,NPR,2026-10-18,135.93169257,kv_synthetic_feed,2026-08-18T10:00:00+05:30
fxr_d28d88d5,USD,BTN,2026-10-18,84.99054543,kv_synthetic_feed,2026-08-18T10:00:00+05:30
fxr_3825ff76,USD,MVR,2026-10-18,15.70671407,kv_synthetic_feed,2026-08-18T10:00:00+05:30
fxr_f9ce6b22,USD,JPY,2026-10-18,154.38572788,kv_synthetic_feed,2026-08-18T10:00:00+05:30
fxr_24a119e4,USD,KRW,2026-10-18,1369.72781741,kv_synthetic_feed,2026-08-18T10:00:00+05:30
fxr_15e779dc,USD,KWD,2026-10-18,0.31053475,kv_synthetic_feed,2026-08-18T10:00:00+05:30
fxr_f62588ec,USD,BHD,2026-10-18,0.38150835,kv_synthetic_feed,2026-08-18T10:00:00+05:30
fxr_7fba2978,USD,AUD,2026-10-18,1.55425449,kv_synthetic_feed,2026-08-18T10:00:00+05:30
fxr_73eb0915,USD,CAD,2026-10-18,1.3994619,kv_synthetic_feed,2026-08-18T10:00:00+05:30
fxr_e3f0988d,USD,CHF,2026-10-18,0.88948701,kv_synthetic_feed,2026-08-18T10:00:00+05:30
fxr_3a35ea4d,USD,MYR,2026-10-18,4.56621461,kv_synthetic_feed,2026-08-18T10:00:00+05:30
fxr_95642fef,USD,IDR,2026-10-18,16504.58903364,kv_synthetic_feed,2026-08-18T10:00:00+05:30
fxr_294a231e,USD,VND,2026-10-18,25798.05762156,kv_synthetic_feed,2026-08-18T10:00:00+05:30
fxr_64ee332c,USD,CNY,2026-10-18,7.35075289,kv_synthetic_feed,2026-08-18T10:00:00+05:30
fxr_b04fc354,USD,QAR,2026-10-18,3.69420363,kv_synthetic_feed,2026-08-18T10:00:00+05:30
fxr_4494ed8c,USD,SAR,2026-10-18,3.7968952,kv_synthetic_feed,2026-08-18T10:00:00+05:30
fxr_95b75470,USD,NZD,2026-10-18,1.69952898,kv_synthetic_feed,2026-08-18T10:00:00+05:30
fxr_ee81262b,INR,USD,2026-10-24,0.01217486,kv_synthetic_feed,2026-08-18T10:00:00+05:30
fxr_155cccec,INR,EUR,2026-10-24,0.01134135,kv_synthetic_feed,2026-08-18T10:00:00+05:30
fxr_2e7478cb,INR,GBP,2026-10-24,0.00967417,kv_synthetic_feed,2026-08-18T10:00:00+05:30
fxr_6dc02c24,INR,AED,2026-10-24,0.04501062,kv_synthetic_feed,2026-08-18T10:00:00+05:30
fxr_5100fefb,INR,SGD,2026-10-24,0.01637355,kv_synthetic_feed,2026-08-18T10:00:00+05:30
fxr_a0ca1c62,INR,THB,2026-10-24,0.42902216,kv_synthetic_feed,2026-08-18T10:00:00+05:30
fxr_c9d511ed,INR,LKR,2026-10-24,3.62497774,kv_synthetic_feed,2026-08-18T10:00:00+05:30
fxr_8391384d,INR,NPR,2026-10-24,1.63426,kv_synthetic_feed,2026-08-18T10:00:00+05:30
fxr_7f40ebad,INR,BTN,2026-10-24,1.01820493,kv_synthetic_feed,2026-08-18T10:00:00+05:30
fxr_1d3c2a26,INR,MVR,2026-10-24,0.18804568,kv_synthetic_feed,2026-08-18T10:00:00+05:30
fxr_28333729,INR,JPY,2026-10-24,1.85905604,kv_synthetic_feed,2026-08-18T10:00:00+05:30
fxr_6fdef8f0,INR,KRW,2026-10-24,16.52320663,kv_synthetic_feed,2026-08-18T10:00:00+05:30
fxr_348ff8b6,INR,KWD,2026-10-24,0.00374796,kv_synthetic_feed,2026-08-18T10:00:00+05:30
fxr_476e6086,INR,BHD,2026-10-24,0.00460873,kv_synthetic_feed,2026-08-18T10:00:00+05:30
fxr_e77e5280,INR,AUD,2026-10-24,0.01879294,kv_synthetic_feed,2026-08-18T10:00:00+05:30
fxr_c3f36bd5,INR,CAD,2026-10-24,0.0167842,kv_synthetic_feed,2026-08-18T10:00:00+05:30
fxr_972c0043,INR,CHF,2026-10-24,0.01070832,kv_synthetic_feed,2026-08-18T10:00:00+05:30
fxr_fe5d0e66,INR,MYR,2026-10-24,0.05460609,kv_synthetic_feed,2026-08-18T10:00:00+05:30
fxr_081a7a15,INR,IDR,2026-10-24,198.45418817,kv_synthetic_feed,2026-08-18T10:00:00+05:30
fxr_ee796b72,INR,VND,2026-10-24,311.12724396,kv_synthetic_feed,2026-08-18T10:00:00+05:30
fxr_e3321891,INR,CNY,2026-10-24,0.0880872,kv_synthetic_feed,2026-08-18T10:00:00+05:30
fxr_83aa027d,INR,QAR,2026-10-24,0.04446225,kv_synthetic_feed,2026-08-18T10:00:00+05:30
fxr_1bc435fe,INR,SAR,2026-10-24,0.04575881,kv_synthetic_feed,2026-08-18T10:00:00+05:30
fxr_03618214,INR,NZD,2026-10-24,0.02053058,kv_synthetic_feed,2026-08-18T10:00:00+05:30
fxr_c9332c60,USD,INR,2026-10-24,84.99652737,kv_synthetic_feed,2026-08-18T10:00:00+05:30
fxr_618cbdac,USD,EUR,2026-10-24,0.94254304,kv_synthetic_feed,2026-08-18T10:00:00+05:30
fxr_f70e4d4d,USD,GBP,2026-10-24,0.8084055,kv_synthetic_feed,2026-08-18T10:00:00+05:30
fxr_68da0936,USD,AED,2026-10-24,3.75192441,kv_synthetic_feed,2026-08-18T10:00:00+05:30
fxr_c1031535,USD,SGD,2026-10-24,1.36418119,kv_synthetic_feed,2026-08-18T10:00:00+05:30
fxr_8eda4d53,USD,THB,2026-10-24,35.72607938,kv_synthetic_feed,2026-08-18T10:00:00+05:30
fxr_782a7947,USD,LKR,2026-10-24,300.08450795,kv_synthetic_feed,2026-08-18T10:00:00+05:30
fxr_541d6e19,USD,NPR,2026-10-24,135.69370267,kv_synthetic_feed,2026-08-18T10:00:00+05:30
fxr_9fec9aa6,USD,BTN,2026-10-24,84.97207028,kv_synthetic_feed,2026-08-18T10:00:00+05:30
fxr_a3837c00,USD,MVR,2026-10-24,15.75097715,kv_synthetic_feed,2026-08-18T10:00:00+05:30
fxr_b309bc6e,USD,JPY,2026-10-24,154.43077045,kv_synthetic_feed,2026-08-18T10:00:00+05:30
fxr_146c50d0,USD,KRW,2026-10-24,1374.00659571,kv_synthetic_feed,2026-08-18T10:00:00+05:30
fxr_70c32411,USD,KWD,2026-10-24,0.31123,kv_synthetic_feed,2026-08-18T10:00:00+05:30
fxr_84b30629,USD,BHD,2026-10-24,0.38306522,kv_synthetic_feed,2026-08-18T10:00:00+05:30
fxr_fac25ee9,USD,AUD,2026-10-24,1.56656678,kv_synthetic_feed,2026-08-18T10:00:00+05:30
fxr_d43c852c,USD,CAD,2026-10-24,1.39585234,kv_synthetic_feed,2026-08-18T10:00:00+05:30
fxr_640af124,USD,CHF,2026-10-24,0.89286223,kv_synthetic_feed,2026-08-18T10:00:00+05:30
fxr_ec277d78,USD,MYR,2026-10-24,4.56482883,kv_synthetic_feed,2026-08-18T10:00:00+05:30
fxr_80126e8a,USD,IDR,2026-10-24,16556.21545773,kv_synthetic_feed,2026-08-18T10:00:00+05:30
fxr_e8bf589b,USD,VND,2026-10-24,25818.47284466,kv_synthetic_feed,2026-08-18T10:00:00+05:30
fxr_c8e16b52,USD,CNY,2026-10-24,7.36816162,kv_synthetic_feed,2026-08-18T10:00:00+05:30
fxr_f37cea7e,USD,QAR,2026-10-24,3.70343479,kv_synthetic_feed,2026-08-18T10:00:00+05:30
fxr_db06a4a9,USD,SAR,2026-10-24,3.82276553,kv_synthetic_feed,2026-08-18T10:00:00+05:30
fxr_a228fd20,USD,NZD,2026-10-24,1.7083151,kv_synthetic_feed,2026-08-18T10:00:00+05:30
fxr_38b6194c,INR,USD,2026-10-30,0.01218843,kv_synthetic_feed,2026-08-18T10:00:00+05:30
fxr_2e0a777a,INR,EUR,2026-10-30,0.01126886,kv_synthetic_feed,2026-08-18T10:00:00+05:30
fxr_c4540eec,INR,GBP,2026-10-30,0.00970895,kv_synthetic_feed,2026-08-18T10:00:00+05:30
fxr_b4c1ca71,INR,AED,2026-10-30,0.04508824,kv_synthetic_feed,2026-08-18T10:00:00+05:30
fxr_8aeeedea,INR,SGD,2026-10-30,0.01637379,kv_synthetic_feed,2026-08-18T10:00:00+05:30
fxr_70ca44d5,INR,THB,2026-10-30,0.42999324,kv_synthetic_feed,2026-08-18T10:00:00+05:30
fxr_824f1f85,INR,LKR,2026-10-30,3.61011747,kv_synthetic_feed,2026-08-18T10:00:00+05:30
fxr_6968234d,INR,NPR,2026-10-30,1.62894276,kv_synthetic_feed,2026-08-18T10:00:00+05:30
fxr_75652a6e,INR,BTN,2026-10-30,1.01873738,kv_synthetic_feed,2026-08-18T10:00:00+05:30
fxr_3442d702,INR,MVR,2026-10-30,0.18909155,kv_synthetic_feed,2026-08-18T10:00:00+05:30
fxr_9253e18b,INR,JPY,2026-10-30,1.85612974,kv_synthetic_feed,2026-08-18T10:00:00+05:30
fxr_3b6ff931,INR,KRW,2026-10-30,16.45426421,kv_synthetic_feed,2026-08-18T10:00:00+05:30
fxr_8de7ef05,INR,KWD,2026-10-30,0.00375163,kv_synthetic_feed,2026-08-18T10:00:00+05:30
fxr_4d180860,INR,BHD,2026-10-30,0.0046205,kv_synthetic_feed,2026-08-18T10:00:00+05:30
fxr_9f0a5e09,INR,AUD,2026-10-30,0.01879918,kv_synthetic_feed,2026-08-18T10:00:00+05:30
fxr_e68ac26a,INR,CAD,2026-10-30,0.01676583,kv_synthetic_feed,2026-08-18T10:00:00+05:30
fxr_9f218d99,INR,CHF,2026-10-30,0.01071123,kv_synthetic_feed,2026-08-18T10:00:00+05:30
fxr_604a454d,INR,MYR,2026-10-30,0.05456163,kv_synthetic_feed,2026-08-18T10:00:00+05:30
fxr_5161f692,INR,IDR,2026-10-30,198.7365076,kv_synthetic_feed,2026-08-18T10:00:00+05:30
fxr_764765f5,INR,VND,2026-10-30,310.35675828,kv_synthetic_feed,2026-08-18T10:00:00+05:30
fxr_2d4a35ab,INR,CNY,2026-10-30,0.08833055,kv_synthetic_feed,2026-08-18T10:00:00+05:30
fxr_34f575ba,INR,QAR,2026-10-30,0.04455058,kv_synthetic_feed,2026-08-18T10:00:00+05:30
fxr_1e99f649,INR,SAR,2026-10-30,0.04578897,kv_synthetic_feed,2026-08-18T10:00:00+05:30
fxr_5d724636,INR,NZD,2026-10-30,0.02045061,kv_synthetic_feed,2026-08-18T10:00:00+05:30
fxr_0b99e9c4,USD,INR,2026-10-30,85.01452009,kv_synthetic_feed,2026-08-18T10:00:00+05:30
fxr_48d95259,USD,EUR,2026-10-30,0.94293436,kv_synthetic_feed,2026-08-18T10:00:00+05:30
fxr_315d5054,USD,GBP,2026-10-30,0.80715888,kv_synthetic_feed,2026-08-18T10:00:00+05:30
fxr_8cf119ff,USD,AED,2026-10-30,3.7372081,kv_synthetic_feed,2026-08-18T10:00:00+05:30
fxr_8c01fb19,USD,SGD,2026-10-30,1.36617597,kv_synthetic_feed,2026-08-18T10:00:00+05:30
fxr_be4efdad,USD,THB,2026-10-30,35.86369314,kv_synthetic_feed,2026-08-18T10:00:00+05:30
fxr_0bb8573b,USD,LKR,2026-10-30,302.19597128,kv_synthetic_feed,2026-08-18T10:00:00+05:30
fxr_d347782a,USD,NPR,2026-10-30,136.36949019,kv_synthetic_feed,2026-08-18T10:00:00+05:30
fxr_7ff1e438,USD,BTN,2026-10-30,84.74152563,kv_synthetic_feed,2026-08-18T10:00:00+05:30
fxr_932be7a2,USD,MVR,2026-10-30,15.6703054,kv_synthetic_feed,2026-08-18T10:00:00+05:30
fxr_399fd22e,USD,JPY,2026-10-30,155.10900469,kv_synthetic_feed,2026-08-18T10:00:00+05:30
fxr_c11967e8,USD,KRW,2026-10-30,1379.78787744,kv_synthetic_feed,2026-08-18T10:00:00+05:30
fxr_dd3821a9,USD,KWD,2026-10-30,0.3118365,kv_synthetic_feed,2026-08-18T10:00:00+05:30
fxr_a3c509b7,USD,BHD,2026-10-30,0.38385871,kv_synthetic_feed,2026-08-18T10:00:00+05:30
fxr_f184e79e,USD,AUD,2026-10-30,1.56063237,kv_synthetic_feed,2026-08-18T10:00:00+05:30
fxr_76c63fc1,USD,CAD,2026-10-30,1.40331548,kv_synthetic_feed,2026-08-18T10:00:00+05:30
fxr_263b31e3,USD,CHF,2026-10-30,0.89480055,kv_synthetic_feed,2026-08-18T10:00:00+05:30
fxr_393c7c22,USD,MYR,2026-10-30,4.56420424,kv_synthetic_feed,2026-08-18T10:00:00+05:30
fxr_c80ade2c,USD,IDR,2026-10-30,16548.10607433,kv_synthetic_feed,2026-08-18T10:00:00+05:30
fxr_c4e7e02d,USD,VND,2026-10-30,25917.24992199,kv_synthetic_feed,2026-08-18T10:00:00+05:30
fxr_766aed57,USD,CNY,2026-10-30,7.35820252,kv_synthetic_feed,2026-08-18T10:00:00+05:30
fxr_8c9b9f40,USD,QAR,2026-10-30,3.69783754,kv_synthetic_feed,2026-08-18T10:00:00+05:30
fxr_2ae85c85,USD,SAR,2026-10-30,3.81629999,kv_synthetic_feed,2026-08-18T10:00:00+05:30
fxr_75a1507e,USD,NZD,2026-10-30,1.70353879,kv_synthetic_feed,2026-08-18T10:00:00+05:30
fxr_3b922474,INR,USD,2026-11-05,0.01220378,kv_synthetic_feed,2026-08-18T10:00:00+05:30
fxr_1d3464fa,INR,EUR,2026-11-05,0.01135365,kv_synthetic_feed,2026-08-18T10:00:00+05:30
fxr_fdfb7602,INR,GBP,2026-11-05,0.00966708,kv_synthetic_feed,2026-08-18T10:00:00+05:30
fxr_82e5e8da,INR,AED,2026-11-05,0.04513811,kv_synthetic_feed,2026-08-18T10:00:00+05:30
fxr_61a29e7d,INR,SGD,2026-11-05,0.01638833,kv_synthetic_feed,2026-08-18T10:00:00+05:30
fxr_11edbeee,INR,THB,2026-11-05,0.43065615,kv_synthetic_feed,2026-08-18T10:00:00+05:30
fxr_c24d1016,INR,LKR,2026-11-05,3.62738027,kv_synthetic_feed,2026-08-18T10:00:00+05:30
fxr_254737d9,INR,NPR,2026-11-05,1.62710615,kv_synthetic_feed,2026-08-18T10:00:00+05:30
fxr_96794779,INR,BTN,2026-11-05,1.02122513,kv_synthetic_feed,2026-08-18T10:00:00+05:30
fxr_77385356,INR,MVR,2026-11-05,0.18926226,kv_synthetic_feed,2026-08-18T10:00:00+05:30
fxr_ca280a39,INR,JPY,2026-11-05,1.85776346,kv_synthetic_feed,2026-08-18T10:00:00+05:30
fxr_5355efb3,INR,KRW,2026-11-05,16.5312106,kv_synthetic_feed,2026-08-18T10:00:00+05:30
fxr_f336e111,INR,KWD,2026-11-05,0.00376509,kv_synthetic_feed,2026-08-18T10:00:00+05:30
fxr_1c52ffc1,INR,BHD,2026-11-05,0.00460221,kv_synthetic_feed,2026-08-18T10:00:00+05:30
fxr_06ae3222,INR,AUD,2026-11-05,0.01880799,kv_synthetic_feed,2026-08-18T10:00:00+05:30
fxr_998afd84,INR,CAD,2026-11-05,0.01687581,kv_synthetic_feed,2026-08-18T10:00:00+05:30
fxr_9925d61f,INR,CHF,2026-11-05,0.01067983,kv_synthetic_feed,2026-08-18T10:00:00+05:30
fxr_4e29e907,INR,MYR,2026-11-05,0.05484929,kv_synthetic_feed,2026-08-18T10:00:00+05:30
fxr_d02b058a,INR,IDR,2026-11-05,199.46193163,kv_synthetic_feed,2026-08-18T10:00:00+05:30
fxr_5bddc726,INR,VND,2026-11-05,311.02713999,kv_synthetic_feed,2026-08-18T10:00:00+05:30
fxr_9169d0aa,INR,CNY,2026-11-05,0.08830895,kv_synthetic_feed,2026-08-18T10:00:00+05:30
fxr_1fe39995,INR,QAR,2026-11-05,0.04471872,kv_synthetic_feed,2026-08-18T10:00:00+05:30
fxr_fd8c8bd4,INR,SAR,2026-11-05,0.04572968,kv_synthetic_feed,2026-08-18T10:00:00+05:30
fxr_4e753f0d,INR,NZD,2026-11-05,0.02044245,kv_synthetic_feed,2026-08-18T10:00:00+05:30
fxr_117185e4,USD,INR,2026-11-05,85.23031602,kv_synthetic_feed,2026-08-18T10:00:00+05:30
fxr_0f9d161d,USD,EUR,2026-11-05,0.94559983,kv_synthetic_feed,2026-08-18T10:00:00+05:30
fxr_670a0a5a,USD,GBP,2026-11-05,0.80573832,kv_synthetic_feed,2026-08-18T10:00:00+05:30
fxr_7a068679,USD,AED,2026-11-05,3.74328254,kv_synthetic_feed,2026-08-18T10:00:00+05:30
fxr_514c09a0,USD,SGD,2026-11-05,1.37096133,kv_synthetic_feed,2026-08-18T10:00:00+05:30
fxr_a894712d,USD,THB,2026-11-05,35.69694999,kv_synthetic_feed,2026-08-18T10:00:00+05:30
fxr_25804445,USD,LKR,2026-11-05,300.91867975,kv_synthetic_feed,2026-08-18T10:00:00+05:30
fxr_36e22eab,USD,NPR,2026-11-05,135.67908579,kv_synthetic_feed,2026-08-18T10:00:00+05:30
fxr_29fc8bf2,USD,BTN,2026-11-05,85.14100076,kv_synthetic_feed,2026-08-18T10:00:00+05:30
fxr_322e0ffd,USD,MVR,2026-11-05,15.67884251,kv_synthetic_feed,2026-08-18T10:00:00+05:30
fxr_0eb4be99,USD,JPY,2026-11-05,154.45167444,kv_synthetic_feed,2026-08-18T10:00:00+05:30
fxr_8727100f,USD,KRW,2026-11-05,1374.94980625,kv_synthetic_feed,2026-08-18T10:00:00+05:30
fxr_4a9fd53b,USD,KWD,2026-11-05,0.31310426,kv_synthetic_feed,2026-08-18T10:00:00+05:30
fxr_ab878674,USD,BHD,2026-11-05,0.38559398,kv_synthetic_feed,2026-08-18T10:00:00+05:30
fxr_d7ffc53e,USD,AUD,2026-11-05,1.5581264,kv_synthetic_feed,2026-08-18T10:00:00+05:30
fxr_5c09920b,USD,CAD,2026-11-05,1.40500547,kv_synthetic_feed,2026-08-18T10:00:00+05:30
fxr_e9604925,USD,CHF,2026-11-05,0.89371447,kv_synthetic_feed,2026-08-18T10:00:00+05:30
fxr_0986c318,USD,MYR,2026-11-05,4.54993034,kv_synthetic_feed,2026-08-18T10:00:00+05:30
fxr_798a2e34,USD,IDR,2026-11-05,16608.32773475,kv_synthetic_feed,2026-08-18T10:00:00+05:30
fxr_694b158d,USD,VND,2026-11-05,25871.72908455,kv_synthetic_feed,2026-08-18T10:00:00+05:30
fxr_bd9dffc2,USD,CNY,2026-11-05,7.33936259,kv_synthetic_feed,2026-08-18T10:00:00+05:30
fxr_6837d67a,USD,QAR,2026-11-05,3.71594752,kv_synthetic_feed,2026-08-18T10:00:00+05:30
fxr_6ff1adee,USD,SAR,2026-11-05,3.83302634,kv_synthetic_feed,2026-08-18T10:00:00+05:30
fxr_daf2d6f9,USD,NZD,2026-11-05,1.71040609,kv_synthetic_feed,2026-08-18T10:00:00+05:30
fxr_13b96b97,INR,USD,2026-11-11,0.01222952,kv_synthetic_feed,2026-08-18T10:00:00+05:30
fxr_47da18a4,INR,EUR,2026-11-11,0.01134853,kv_synthetic_feed,2026-08-18T10:00:00+05:30
fxr_568b2d07,INR,GBP,2026-11-11,0.00969509,kv_synthetic_feed,2026-08-18T10:00:00+05:30
fxr_00aa68a2,INR,AED,2026-11-11,0.04494312,kv_synthetic_feed,2026-08-18T10:00:00+05:30
fxr_14ee0ecf,INR,SGD,2026-11-11,0.01646004,kv_synthetic_feed,2026-08-18T10:00:00+05:30
fxr_28d8f1f8,INR,THB,2026-11-11,0.43005778,kv_synthetic_feed,2026-08-18T10:00:00+05:30
fxr_d5d36106,INR,LKR,2026-11-11,3.61073365,kv_synthetic_feed,2026-08-18T10:00:00+05:30
fxr_9c8b1b2b,INR,NPR,2026-11-11,1.62772854,kv_synthetic_feed,2026-08-18T10:00:00+05:30
fxr_a3a29d6c,INR,BTN,2026-11-11,1.02146522,kv_synthetic_feed,2026-08-18T10:00:00+05:30
fxr_6b4ba3de,INR,MVR,2026-11-11,0.18902423,kv_synthetic_feed,2026-08-18T10:00:00+05:30
fxr_ef5c868d,INR,JPY,2026-11-11,1.84951421,kv_synthetic_feed,2026-08-18T10:00:00+05:30
fxr_6607ef3d,INR,KRW,2026-11-11,16.51850591,kv_synthetic_feed,2026-08-18T10:00:00+05:30
fxr_e7c2c2f8,INR,KWD,2026-11-11,0.00374958,kv_synthetic_feed,2026-08-18T10:00:00+05:30
fxr_0b4bf51a,INR,BHD,2026-11-11,0.00461412,kv_synthetic_feed,2026-08-18T10:00:00+05:30
fxr_f625c92b,INR,AUD,2026-11-11,0.01875524,kv_synthetic_feed,2026-08-18T10:00:00+05:30
fxr_7e347fba,INR,CAD,2026-11-11,0.01684926,kv_synthetic_feed,2026-08-18T10:00:00+05:30
fxr_bf22165b,INR,CHF,2026-11-11,0.01067955,kv_synthetic_feed,2026-08-18T10:00:00+05:30
fxr_c8736337,INR,MYR,2026-11-11,0.05474804,kv_synthetic_feed,2026-08-18T10:00:00+05:30
fxr_504f76fc,INR,IDR,2026-11-11,199.61808982,kv_synthetic_feed,2026-08-18T10:00:00+05:30
fxr_406fc132,INR,VND,2026-11-11,311.77362522,kv_synthetic_feed,2026-08-18T10:00:00+05:30
fxr_3e58adc4,INR,CNY,2026-11-11,0.08811092,kv_synthetic_feed,2026-08-18T10:00:00+05:30
fxr_28fc2e35,INR,QAR,2026-11-11,0.04453184,kv_synthetic_feed,2026-08-18T10:00:00+05:30
fxr_30f179cd,INR,SAR,2026-11-11,0.04604352,kv_synthetic_feed,2026-08-18T10:00:00+05:30
fxr_021da737,INR,NZD,2026-11-11,0.02044417,kv_synthetic_feed,2026-08-18T10:00:00+05:30
fxr_caece3b8,USD,INR,2026-11-11,85.3083328,kv_synthetic_feed,2026-08-18T10:00:00+05:30
fxr_33fa557b,USD,EUR,2026-11-11,0.94518922,kv_synthetic_feed,2026-08-18T10:00:00+05:30
fxr_9adeed33,USD,GBP,2026-11-11,0.80986008,kv_synthetic_feed,2026-08-18T10:00:00+05:30
fxr_03abaa30,USD,AED,2026-11-11,3.75971484,kv_synthetic_feed,2026-08-18T10:00:00+05:30
fxr_5e0ee1b5,USD,SGD,2026-11-11,1.36439471,kv_synthetic_feed,2026-08-18T10:00:00+05:30
fxr_ab4f8ef8,USD,THB,2026-11-11,35.90519457,kv_synthetic_feed,2026-08-18T10:00:00+05:30
fxr_4bc65e50,USD,LKR,2026-11-11,301.88261563,kv_synthetic_feed,2026-08-18T10:00:00+05:30
fxr_cd782b32,USD,NPR,2026-11-11,135.69423723,kv_synthetic_feed,2026-08-18T10:00:00+05:30
fxr_8ba8cc2f,USD,BTN,2026-11-11,84.94842642,kv_synthetic_feed,2026-08-18T10:00:00+05:30
fxr_c29e92e0,USD,MVR,2026-11-11,15.75921127,kv_synthetic_feed,2026-08-18T10:00:00+05:30
fxr_21df9f88,USD,JPY,2026-11-11,155.01018626,kv_synthetic_feed,2026-08-18T10:00:00+05:30
fxr_c259e98b,USD,KRW,2026-11-11,1380.21442414,kv_synthetic_feed,2026-08-18T10:00:00+05:30
fxr_de34f07a,USD,KWD,2026-11-11,0.3128241,kv_synthetic_feed,2026-08-18T10:00:00+05:30
fxr_bf62229e,USD,BHD,2026-11-11,0.38301948,kv_synthetic_feed,2026-08-18T10:00:00+05:30
fxr_676276d0,USD,AUD,2026-11-11,1.56359156,kv_synthetic_feed,2026-08-18T10:00:00+05:30
fxr_23e6ffa1,USD,CAD,2026-11-11,1.40075902,kv_synthetic_feed,2026-08-18T10:00:00+05:30
fxr_fb47efbd,USD,CHF,2026-11-11,0.89518829,kv_synthetic_feed,2026-08-18T10:00:00+05:30
fxr_f8b843de,USD,MYR,2026-11-11,4.56279739,kv_synthetic_feed,2026-08-18T10:00:00+05:30
fxr_7c568640,USD,IDR,2026-11-11,16579.58638502,kv_synthetic_feed,2026-08-18T10:00:00+05:30
fxr_63ed1d06,USD,VND,2026-11-11,25872.17307762,kv_synthetic_feed,2026-08-18T10:00:00+05:30
fxr_f73dd1d0,USD,CNY,2026-11-11,7.36494717,kv_synthetic_feed,2026-08-18T10:00:00+05:30
fxr_51efe5c8,USD,QAR,2026-11-11,3.71113867,kv_synthetic_feed,2026-08-18T10:00:00+05:30
fxr_bfe5f164,USD,SAR,2026-11-11,3.81883267,kv_synthetic_feed,2026-08-18T10:00:00+05:30
fxr_f66c527d,USD,NZD,2026-11-11,1.71146245,kv_synthetic_feed,2026-08-18T10:00:00+05:30
fxr_0013f340,INR,USD,2026-11-17,0.01225007,kv_synthetic_feed,2026-08-18T10:00:00+05:30
fxr_4ce3e8ba,INR,EUR,2026-11-17,0.01132606,kv_synthetic_feed,2026-08-18T10:00:00+05:30
fxr_67eff985,INR,GBP,2026-11-17,0.00965813,kv_synthetic_feed,2026-08-18T10:00:00+05:30
fxr_3c25ad37,INR,AED,2026-11-17,0.04488846,kv_synthetic_feed,2026-08-18T10:00:00+05:30
fxr_eda205d8,INR,SGD,2026-11-17,0.01646671,kv_synthetic_feed,2026-08-18T10:00:00+05:30
fxr_52ffe07c,INR,THB,2026-11-17,0.42780462,kv_synthetic_feed,2026-08-18T10:00:00+05:30
fxr_cd8dde2b,INR,LKR,2026-11-17,3.63387036,kv_synthetic_feed,2026-08-18T10:00:00+05:30
fxr_fb50ed90,INR,NPR,2026-11-17,1.63297264,kv_synthetic_feed,2026-08-18T10:00:00+05:30
fxr_cc38136e,INR,BTN,2026-11-17,1.02235267,kv_synthetic_feed,2026-08-18T10:00:00+05:30
fxr_26c7698f,INR,MVR,2026-11-17,0.18853157,kv_synthetic_feed,2026-08-18T10:00:00+05:30
fxr_bb4f7f64,INR,JPY,2026-11-17,1.86197206,kv_synthetic_feed,2026-08-18T10:00:00+05:30
fxr_40212774,INR,KRW,2026-11-17,16.55081525,kv_synthetic_feed,2026-08-18T10:00:00+05:30
fxr_a4584f2f,INR,KWD,2026-11-17,0.00375552,kv_synthetic_feed,2026-08-18T10:00:00+05:30
fxr_11aa1bd8,INR,BHD,2026-11-17,0.0046129,kv_synthetic_feed,2026-08-18T10:00:00+05:30
fxr_5a7ab310,INR,AUD,2026-11-17,0.01871984,kv_synthetic_feed,2026-08-18T10:00:00+05:30
fxr_447b2621,INR,CAD,2026-11-17,0.01680764,kv_synthetic_feed,2026-08-18T10:00:00+05:30
fxr_aa969316,INR,CHF,2026-11-17,0.01067949,kv_synthetic_feed,2026-08-18T10:00:00+05:30
fxr_3bb6b2be,INR,MYR,2026-11-17,0.0547083,kv_synthetic_feed,2026-08-18T10:00:00+05:30
fxr_7a03e677,INR,IDR,2026-11-17,198.18274784,kv_synthetic_feed,2026-08-18T10:00:00+05:30
fxr_759b2af2,INR,VND,2026-11-17,311.952084,kv_synthetic_feed,2026-08-18T10:00:00+05:30
fxr_2717b1f0,INR,CNY,2026-11-17,0.08803647,kv_synthetic_feed,2026-08-18T10:00:00+05:30
fxr_e1f19d47,INR,QAR,2026-11-17,0.04447,kv_synthetic_feed,2026-08-18T10:00:00+05:30
fxr_aa43063c,INR,SAR,2026-11-17,0.04571123,kv_synthetic_feed,2026-08-18T10:00:00+05:30
fxr_19fcf7ca,INR,NZD,2026-11-17,0.02051125,kv_synthetic_feed,2026-08-18T10:00:00+05:30
fxr_c0c2f345,USD,INR,2026-11-17,85.09845509,kv_synthetic_feed,2026-08-18T10:00:00+05:30
fxr_c605284a,USD,EUR,2026-11-17,0.94387524,kv_synthetic_feed,2026-08-18T10:00:00+05:30
fxr_91b72ba0,USD,GBP,2026-11-17,0.8095204,kv_synthetic_feed,2026-08-18T10:00:00+05:30
fxr_d6408885,USD,AED,2026-11-17,3.73612373,kv_synthetic_feed,2026-08-18T10:00:00+05:30
fxr_b26037fc,USD,SGD,2026-11-17,1.36845774,kv_synthetic_feed,2026-08-18T10:00:00+05:30
fxr_32e4b3bc,USD,THB,2026-11-17,35.63933773,kv_synthetic_feed,2026-08-18T10:00:00+05:30
fxr_edd6cdc3,USD,LKR,2026-11-17,301.7251442,kv_synthetic_feed,2026-08-18T10:00:00+05:30
fxr_c98b048d,USD,NPR,2026-11-17,136.43201184,kv_synthetic_feed,2026-08-18T10:00:00+05:30
fxr_e0b9b284,USD,BTN,2026-11-17,84.91171078,kv_synthetic_feed,2026-08-18T10:00:00+05:30
fxr_7048bfd6,USD,MVR,2026-11-17,15.76881191,kv_synthetic_feed,2026-08-18T10:00:00+05:30
fxr_55b6587f,USD,JPY,2026-11-17,154.30001235,kv_synthetic_feed,2026-08-18T10:00:00+05:30
fxr_9be3b2fe,USD,KRW,2026-11-17,1380.98404663,kv_synthetic_feed,2026-08-18T10:00:00+05:30
fxr_d8e7e11d,USD,KWD,2026-11-17,0.31156807,kv_synthetic_feed,2026-08-18T10:00:00+05:30
fxr_765c1921,USD,BHD,2026-11-17,0.38438021,kv_synthetic_feed,2026-08-18T10:00:00+05:30
fxr_6c24ed58,USD,AUD,2026-11-17,1.56248683,kv_synthetic_feed,2026-08-18T10:00:00+05:30
fxr_6d8891ad,USD,CAD,2026-11-17,1.39925205,kv_synthetic_feed,2026-08-18T10:00:00+05:30
fxr_be5b5ad0,USD,CHF,2026-11-17,0.8939864,kv_synthetic_feed,2026-08-18T10:00:00+05:30
fxr_436c202a,USD,MYR,2026-11-17,4.56411279,kv_synthetic_feed,2026-08-18T10:00:00+05:30
fxr_6f1c2355,USD,IDR,2026-11-17,16598.27720163,kv_synthetic_feed,2026-08-18T10:00:00+05:30
fxr_b995c627,USD,VND,2026-11-17,25853.59103478,kv_synthetic_feed,2026-08-18T10:00:00+05:30
fxr_bf156f5b,USD,CNY,2026-11-17,7.36332429,kv_synthetic_feed,2026-08-18T10:00:00+05:30
fxr_b78f004a,USD,QAR,2026-11-17,3.7233894,kv_synthetic_feed,2026-08-18T10:00:00+05:30
fxr_1eab8512,USD,SAR,2026-11-17,3.8246728,kv_synthetic_feed,2026-08-18T10:00:00+05:30
fxr_0d8d13ad,USD,NZD,2026-11-17,1.71143648,kv_synthetic_feed,2026-08-18T10:00:00+05:30
