hold_id,inventory_id,user_id,units,idempotency_key,created_at,expires_at,released_at,booking_id,status,updated_at
hld_f95ff237,inv_b13e4254,usr_c538bbe8,2,hidem_51269e1a3ae92e55,2026-08-16T13:30:00+05:30,2026-08-16T13:50:00+05:30,,,active,2026-08-18T10:00:00+05:30
hld_932247ea,inv_7665f64e,usr_e5c87ca2,1,hidem_376a8e4c83979499,2026-08-10T02:00:00+05:30,2026-08-10T02:15:00+05:30,2026-08-10T02:17:00+05:30,,released,2026-08-18T10:00:00+05:30
hld_c0950a00,inv_72d384e6,usr_e47b6104,2,hidem_02c096d7c7d146a2,2026-08-11T10:15:00+05:30,2026-08-11T10:25:00+05:30,2026-08-11T10:32:00+05:30,,released,2026-08-18T10:00:00+05:30
hld_ef2e3e2e,inv_d0878d24,usr_acb4c4ba,2,hidem_9f56d5cf09f20f47,2026-08-14T12:15:00+05:30,2026-08-14T12:30:00+05:30,,bkg_a4abd076,confirmed,2026-08-18T10:00:00+05:30
hld_63a2e9a9,inv_b4d56cfa,usr_329d228c,2,hidem_36df1239b7477395,2026-08-10T11:15:00+05:30,2026-08-10T11:35:00+05:30,,bkg_9aad8c6e,confirmed,2026-08-18T10:00:00+05:30
hld_3b849db5,inv_35b1cb59,usr_4db9e8d2,1,hidem_ff7fb1988a5acc78,2026-08-15T20:00:00+05:30,2026-08-15T20:15:00+05:30,2026-08-15T20:17:00+05:30,,released,2026-08-18T10:00:00+05:30
hld_40dd9081,inv_12b82221,usr_9b002a1a,1,hidem_cff424866104922c,2026-08-12T16:45:00+05:30,2026-08-12T17:00:00+05:30,2026-08-12T17:02:00+05:30,,expired,2026-08-18T10:00:00+05:30
hld_a982ecb9,inv_bcdefd94,usr_f9060fbb,1,hidem_32bc3c2b31ca243d,2026-08-12T01:45:00+05:30,2026-08-12T01:55:00+05:30,2026-08-12T02:02:00+05:30,,released,2026-08-18T10:00:00+05:30
hld_b09900a6,inv_0ab6dda7,usr_76c305e4,1,hidem_6107a316a53c7c2d,2026-08-16T00:45:00+05:30,2026-08-16T01:05:00+05:30,2026-08-16T01:02:00+05:30,,expired,2026-08-18T10:00:00+05:30
hld_5a8e6fce,inv_f2e04462,usr_a8caec17,1,hidem_774f1dcc9ace18a6,2026-08-15T10:00:00+05:30,2026-08-15T10:10:00+05:30,,bkg_8eef0958,confirmed,2026-08-18T10:00:00+05:30
hld_b69de6f1,inv_91f8f409,usr_13d8f6bd,2,hidem_0286698333e74c19,2026-08-14T03:15:00+05:30,2026-08-14T03:35:00+05:30,,bkg_c21cff38,confirmed,2026-08-18T10:00:00+05:30
hld_cbda9517,inv_3704e297,usr_268fdb85,1,hidem_141c56b397796f01,2026-08-11T01:30:00+05:30,2026-08-11T01:40:00+05:30,,bkg_a12457bb,confirmed,2026-08-18T10:00:00+05:30
hld_9f081830,inv_3dde02e7,usr_9ae694ba,1,hidem_cc3a739b1fca1269,2026-08-11T10:30:00+05:30,2026-08-11T10:40:00+05:30,,,active,2026-08-18T10:00:00+05:30
hld_eb659c93,inv_d421b2f0,usr_14ca6dc1,2,hidem_bd9b85717f56f7f1,2026-08-16T20:00:00+05:30,2026-08-16T20:20:00+05:30,,bkg_776b7510,confirmed,2026-08-18T10:00:00+05:30
hld_bfe2d52f,inv_8164b930,usr_3e6ed8be,2,hidem_97513674bf9882d0,2026-08-17T12:30:00+05:30,2026-08-17T12:50:00+05:30,,,active,2026-08-18T10:00:00+05:30
hld_ec81f599,inv_46e125d8,usr_865b890c,2,hidem_6ee7ca71916020e5,2026-08-10T22:00:00+05:30,2026-08-10T22:10:00+05:30,,bkg_76df2b9e,confirmed,2026-08-18T10:00:00+05:30
hld_a5dfad97,inv_d511056c,usr_0db0f175,2,hidem_2a2b8bc9838138ad,2026-08-12T13:00:00+05:30,2026-08-12T13:20:00+05:30,,bkg_952bd5be,confirmed,2026-08-18T10:00:00+05:30
hld_604b7d19,inv_b3d50393,usr_560bdda1,2,hidem_95d192f9ff1271dc,2026-08-16T15:15:00+05:30,2026-08-16T15:35:00+05:30,2026-08-16T15:32:00+05:30,,expired,2026-08-18T10:00:00+05:30
hld_64016817,inv_75417797,usr_5d8450f0,1,hidem_43d42af9e1591e93,2026-08-13T17:00:00+05:30,2026-08-13T17:15:00+05:30,2026-08-13T17:17:00+05:30,,released,2026-08-18T10:00:00+05:30
hld_61170c0d,inv_a813e52f,usr_6be041f5,1,hidem_5f739e71e9cea4ee,2026-08-17T20:15:00+05:30,2026-08-17T20:35:00+05:30,2026-08-17T20:32:00+05:30,,expired,2026-08-18T10:00:00+05:30
hld_47dd1d9b,inv_ad558465,usr_991a1e29,2,hidem_50c6e92ea2123c25,2026-08-15T10:30:00+05:30,2026-08-15T10:45:00+05:30,,,active,2026-08-18T10:00:00+05:30
hld_9a8ab6b0,inv_72af7ac9,usr_af17aeaa,1,hidem_0dcee3e2ed775d64,2026-08-16T10:15:00+05:30,2026-08-16T10:25:00+05:30,2026-08-16T10:32:00+05:30,,released,2026-08-18T10:00:00+05:30
hld_9e8167fc,inv_3ee01e75,usr_1549bc70,1,hidem_372afd1312df8a57,2026-08-11T21:45:00+05:30,2026-08-11T22:00:00+05:30,,bkg_e54b67a7,confirmed,2026-08-18T10:00:00+05:30
hld_d3c7f9ce,inv_49e843cf,usr_0eb7982c,2,hidem_f99f9463ca5e72ef,2026-08-10T17:30:00+05:30,2026-08-10T17:40:00+05:30,2026-08-10T17:47:00+05:30,,expired,2026-08-18T10:00:00+05:30
hld_2ca348ce,inv_969e3a8c,usr_a4ca5f2e,2,hidem_7f62a5b0a1c891c3,2026-08-11T17:15:00+05:30,2026-08-11T17:30:00+05:30,,bkg_c50c71e2,confirmed,2026-08-18T10:00:00+05:30
hld_d9b50cf4,inv_95499b12,usr_6d4dd52b,2,hidem_1774511a1fee44ae,2026-08-14T09:45:00+05:30,2026-08-14T10:00:00+05:30,2026-08-14T10:02:00+05:30,,expired,2026-08-18T10:00:00+05:30
hld_ae2996ac,inv_207e08a0,usr_32856f40,1,hidem_7b0f24b79c82ed9b,2026-08-15T05:45:00+05:30,2026-08-15T05:55:00+05:30,,bkg_78245438,confirmed,2026-08-18T10:00:00+05:30
hld_bb2a1b3b,inv_a0829cd1,usr_1805266d,1,hidem_5dadc1856759276f,2026-08-10T19:45:00+05:30,2026-08-10T19:55:00+05:30,2026-08-10T20:02:00+05:30,,expired,2026-08-18T10:00:00+05:30
hld_a1556a77,inv_c7759a85,usr_7f6e49de,2,hidem_e45237e400a99cd0,2026-08-17T23:30:00+05:30,2026-08-17T23:45:00+05:30,2026-08-17T23:47:00+05:30,,expired,2026-08-18T10:00:00+05:30
hld_bf891841,inv_e4871711,usr_a685483e,2,hidem_13c9a3c67154695c,2026-08-14T10:30:00+05:30,2026-08-14T10:50:00+05:30,,,active,2026-08-18T10:00:00+05:30
hld_025aab03,inv_290ca019,usr_b2323a23,1,hidem_6a006d124a59a179,2026-08-17T01:30:00+05:30,2026-08-17T01:50:00+05:30,2026-08-17T01:47:00+05:30,,released,2026-08-18T10:00:00+05:30
hld_01406c4e,inv_b5e6cf57,usr_e7080930,1,hidem_93693dfd8f48a731,2026-08-12T13:30:00+05:30,2026-08-12T13:45:00+05:30,2026-08-12T13:47:00+05:30,,expired,2026-08-18T10:00:00+05:30
hld_2e16d175,inv_1e99307c,usr_c95be507,2,hidem_ba9ba42a361f5388,2026-08-11T21:00:00+05:30,2026-08-11T21:10:00+05:30,,,active,2026-08-18T10:00:00+05:30
hld_531d67bc,inv_594f79e7,usr_343719c9,1,hidem_88c21a2f48746c90,2026-08-13T23:15:00+05:30,2026-08-13T23:25:00+05:30,,,active,2026-08-18T10:00:00+05:30
hld_1b95e449,inv_e5cffe4c,usr_b1a4b433,1,hidem_1b69015636e9bfc2,2026-08-12T00:45:00+05:30,2026-08-12T01:00:00+05:30,2026-08-12T01:02:00+05:30,,released,2026-08-18T10:00:00+05:30
hld_d8b859ab,inv_7bea890a,usr_50db435c,1,hidem_8e79c5abe3440e45,2026-08-14T20:00:00+05:30,2026-08-14T20:15:00+05:30,,,active,2026-08-18T10:00:00+05:30
hld_4297364c,inv_3931d201,usr_2162d6ff,1,hidem_13f1831230f33b54,2026-08-15T03:00:00+05:30,2026-08-15T03:15:00+05:30,2026-08-15T03:17:00+05:30,,expired,2026-08-18T10:00:00+05:30
hld_f55afece,inv_de438d8e,usr_243cefe8,2,hidem_3e412d59a0cd3e48,2026-08-16T05:15:00+05:30,2026-08-16T05:30:00+05:30,,,active,2026-08-18T10:00:00+05:30
hld_cbe1c9ce,inv_fd6be2a8,usr_05a65b61,2,hidem_a2947ea2fa79afd3,2026-08-11T11:00:00+05:30,2026-08-11T11:15:00+05:30,,,active,2026-08-18T10:00:00+05:30
hld_6b6ec9aa,inv_f75d9426,usr_bbacab51,2,hidem_1e68d4c2a64eb349,2026-08-11T17:15:00+05:30,2026-08-11T17:25:00+05:30,,,active,2026-08-18T10:00:00+05:30
hld_b5d70c44,inv_619abf0f,usr_5df12eea,2,hidem_5666e3e0b0ee9bb8,2026-08-16T23:30:00+05:30,2026-08-16T23:40:00+05:30,,,active,2026-08-18T10:00:00+05:30
hld_865d95fb,inv_80deadd0,usr_7df097f0,2,hidem_3c96d4981a288b13,2026-08-14T05:30:00+05:30,2026-08-14T05:40:00+05:30,2026-08-14T05:47:00+05:30,,expired,2026-08-18T10:00:00+05:30
hld_77795b45,inv_1697390d,usr_e4376908,2,hidem_cec31583ea5369fe,2026-08-14T03:45:00+05:30,2026-08-14T04:05:00+05:30,,bkg_b76bf57e,confirmed,2026-08-18T10:00:00+05:30
hld_09e0da54,inv_2b7526f3,usr_865c98a2,2,hidem_711135e66903da88,2026-08-11T08:45:00+05:30,2026-08-11T09:00:00+05:30,,bkg_9c16e4b3,confirmed,2026-08-18T10:00:00+05:30
hld_92cebe7b,inv_fd26f762,usr_5e9a11a1,1,hidem_c42e4b03b31023fe,2026-08-12T07:45:00+05:30,2026-08-12T07:55:00+05:30,2026-08-12T08:02:00+05:30,,expired,2026-08-18T10:00:00+05:30
hld_df14dbf0,inv_957846d7,usr_ad6891c1,1,hidem_418731d74178982f,2026-08-12T01:45:00+05:30,2026-08-12T02:05:00+05:30,,bkg_f5499d89,confirmed,2026-08-18T10:00:00+05:30
hld_75d19107,inv_baf37a25,usr_47d7ab5a,1,hidem_e09e0eb0c9418826,2026-08-14T13:30:00+05:30,2026-08-14T13:40:00+05:30,,,active,2026-08-18T10:00:00+05:30
hld_859b7b15,inv_d22431c2,usr_8d2c2759,2,hidem_2fea0ed8ed197fc0,2026-08-10T12:30:00+05:30,2026-08-10T12:50:00+05:30,2026-08-10T12:47:00+05:30,,released,2026-08-18T10:00:00+05:30
hld_8443ace0,inv_b824bdac,usr_e5fe70f7,2,hidem_7c763d0eff911158,2026-08-13T00:45:00+05:30,2026-08-13T01:00:00+05:30,,bkg_70bfc400,confirmed,2026-08-18T10:00:00+05:30
hld_271a4346,inv_da4601ca,usr_8180c222,2,hidem_5f24b880050ab363,2026-08-14T11:15:00+05:30,2026-08-14T11:35:00+05:30,,bkg_fad5f20d,confirmed,2026-08-18T10:00:00+05:30
hld_6e8dab97,inv_14d1052f,usr_8f81432c,1,hidem_00c88c8fb0c06207,2026-08-15T10:00:00+05:30,2026-08-15T10:20:00+05:30,,,active,2026-08-18T10:00:00+05:30
hld_7a0afbd7,inv_36a15299,usr_51b72a64,1,hidem_d42308c6346f9dc3,2026-08-15T05:45:00+05:30,2026-08-15T05:55:00+05:30,2026-08-15T06:02:00+05:30,,released,2026-08-18T10:00:00+05:30
hld_a4612db9,inv_bae42dfe,usr_d3acd59c,1,hidem_05dc6c23f7309eb1,2026-08-13T07:45:00+05:30,2026-08-13T08:05:00+05:30,2026-08-13T08:02:00+05:30,,expired,2026-08-18T10:00:00+05:30
hld_5938dc23,inv_34f4cf88,usr_c535ee88,1,hidem_a8a77446d9f30bac,2026-08-15T23:45:00+05:30,2026-08-15T23:55:00+05:30,,bkg_a7f0c285,confirmed,2026-08-18T10:00:00+05:30
hld_9e762b56,inv_43ae8e91,usr_31078309,2,hidem_89c10c372cdf1643,2026-08-11T20:00:00+05:30,2026-08-11T20:15:00+05:30,2026-08-11T20:17:00+05:30,,released,2026-08-18T10:00:00+05:30
hld_a4e6ee86,inv_29ab448b,usr_d9d2bfaa,2,hidem_c6290a963d58b262,2026-08-12T02:30:00+05:30,2026-08-12T02:50:00+05:30,,bkg_ae027d4a,confirmed,2026-08-18T10:00:00+05:30
hld_bc7ed21b,inv_5cfe8396,usr_1dc66e29,1,hidem_4aaaf11fe3879bd2,2026-08-11T22:30:00+05:30,2026-08-11T22:45:00+05:30,,,active,2026-08-18T10:00:00+05:30
hld_0169541c,inv_1a67f49d,usr_d6801dce,1,hidem_df91eccc51b66bd9,2026-08-11T05:15:00+05:30,2026-08-11T05:25:00+05:30,,,active,2026-08-18T10:00:00+05:30
hld_be5b82ba,inv_c8a1c344,usr_f94b3139,1,hidem_da3ebe484e2d193a,2026-08-15T07:15:00+05:30,2026-08-15T07:35:00+05:30,,bkg_18e798de,confirmed,2026-08-18T10:00:00+05:30
hld_97b0be40,inv_6e98bc8e,usr_dc1bd238,2,hidem_139ea0808d02a6f1,2026-08-17T18:45:00+05:30,2026-08-17T19:05:00+05:30,,,active,2026-08-18T10:00:00+05:30
hld_4c33153b,inv_d56f6c3d,usr_cd45f751,1,hidem_ff9639ee2eaa7c19,2026-08-11T18:30:00+05:30,2026-08-11T18:45:00+05:30,2026-08-11T18:47:00+05:30,,expired,2026-08-18T10:00:00+05:30
hld_45d8e326,inv_f22fb2be,usr_6e20f92e,2,hidem_b920f46b3442ba77,2026-08-11T20:00:00+05:30,2026-08-11T20:10:00+05:30,2026-08-11T20:17:00+05:30,,expired,2026-08-18T10:00:00+05:30
hld_0a0c54b0,inv_b704fff7,usr_4caa1cc0,2,hidem_e131b76ba7d2be97,2026-08-10T10:15:00+05:30,2026-08-10T10:30:00+05:30,,bkg_13dfd28b,confirmed,2026-08-18T10:00:00+05:30
hld_7da1d1e0,inv_c2ff19da,usr_f4dd99d0,2,hidem_903ced8ffe3d5c2b,2026-08-10T01:00:00+05:30,2026-08-10T01:20:00+05:30,2026-08-10T01:17:00+05:30,,released,2026-08-18T10:00:00+05:30
hld_af156cb4,inv_e5fca699,usr_b829ab46,2,hidem_f62168d3b1f51d12,2026-08-17T03:00:00+05:30,2026-08-17T03:20:00+05:30,,bkg_f2845b85,confirmed,2026-08-18T10:00:00+05:30
hld_ca876484,inv_f6ed92e9,usr_ea269383,1,hidem_f55bb6e2a99a7fb1,2026-08-17T05:45:00+05:30,2026-08-17T05:55:00+05:30,,,active,2026-08-18T10:00:00+05:30
hld_89c18737,inv_5c216309,usr_8317ab30,2,hidem_2b40c43913cdde20,2026-08-10T09:00:00+05:30,2026-08-10T09:10:00+05:30,2026-08-10T09:17:00+05:30,,released,2026-08-18T10:00:00+05:30
hld_104ed562,inv_40435dfa,usr_590caf04,1,hidem_b512c938a41a6ebf,2026-08-14T15:15:00+05:30,2026-08-14T15:30:00+05:30,,bkg_4857722b,confirmed,2026-08-18T10:00:00+05:30
hld_0bdd6400,inv_f27bfdb7,usr_7df097f0,1,hidem_c4858fb32934a6c5,2026-08-17T02:45:00+05:30,2026-08-17T03:05:00+05:30,2026-08-17T03:02:00+05:30,,released,2026-08-18T10:00:00+05:30
hld_cac447dd,inv_98428f07,usr_9c898903,2,hidem_21d64101468bf941,2026-08-12T23:00:00+05:30,2026-08-12T23:15:00+05:30,,bkg_05e443f8,confirmed,2026-08-18T10:00:00+05:30
hld_57cfa8de,inv_cfc0a2a1,usr_48f9bd76,1,hidem_aef7b7d0e5a492cd,2026-08-12T10:15:00+05:30,2026-08-12T10:25:00+05:30,2026-08-12T10:32:00+05:30,,expired,2026-08-18T10:00:00+05:30
hld_518ac0b8,inv_50162f90,usr_2dd33665,2,hidem_8df213feb23b376a,2026-08-10T01:30:00+05:30,2026-08-10T01:45:00+05:30,2026-08-10T01:47:00+05:30,,expired,2026-08-18T10:00:00+05:30
hld_70a368b1,inv_7ec1bd7d,usr_e0853a17,1,hidem_519ae34b7125acbe,2026-08-14T04:00:00+05:30,2026-08-14T04:15:00+05:30,,,active,2026-08-18T10:00:00+05:30
hld_b712cfd8,inv_2e17a8f8,usr_01d12bc2,1,hidem_743d9a4a797f0c82,2026-08-13T20:30:00+05:30,2026-08-13T20:45:00+05:30,,,active,2026-08-18T10:00:00+05:30
hld_371a6165,inv_43be13dd,usr_948a58de,2,hidem_595f16ab6e4ea010,2026-08-16T03:00:00+05:30,2026-08-16T03:10:00+05:30,,,active,2026-08-18T10:00:00+05:30
hld_399ecc02,inv_eb1f98fb,usr_ab568dcf,2,hidem_be3acc285413ad5a,2026-08-12T17:00:00+05:30,2026-08-12T17:15:00+05:30,,,active,2026-08-18T10:00:00+05:30
hld_a8579649,inv_242e4d90,usr_9e6dc4d3,1,hidem_e375d373a83a128c,2026-08-11T19:15:00+05:30,2026-08-11T19:30:00+05:30,,bkg_33dc08ed,confirmed,2026-08-18T10:00:00+05:30
hld_420a6229,inv_75f2ffd9,usr_4f00071d,1,hidem_51be0781d0029f51,2026-08-14T22:45:00+05:30,2026-08-14T23:00:00+05:30,2026-08-14T23:02:00+05:30,,released,2026-08-18T10:00:00+05:30
hld_d6b278ae,inv_ddcdeae5,usr_f94b3139,2,hidem_073142f06e675330,2026-08-11T18:30:00+05:30,2026-08-11T18:45:00+05:30,,bkg_9613b8f9,confirmed,2026-08-18T10:00:00+05:30
hld_945a1efe,inv_182d959a,usr_ae3758b7,1,hidem_1c5df6dcf4f768b5,2026-08-12T23:15:00+05:30,2026-08-12T23:30:00+05:30,,,active,2026-08-18T10:00:00+05:30
hld_7511927e,inv_344f3463,usr_1805266d,2,hidem_94860ad507826e7e,2026-08-11T15:30:00+05:30,2026-08-11T15:45:00+05:30,,,active,2026-08-18T10:00:00+05:30
hld_2fe660f8,inv_ce2cdd16,usr_18260fc4,2,hidem_98be002e9cd1b166,2026-08-14T21:00:00+05:30,2026-08-14T21:15:00+05:30,2026-08-14T21:17:00+05:30,,expired,2026-08-18T10:00:00+05:30
hld_a98bf09f,inv_3f2af57e,usr_96700977,1,hidem_3ca65815b1c89890,2026-08-14T10:15:00+05:30,2026-08-14T10:35:00+05:30,2026-08-14T10:32:00+05:30,,released,2026-08-18T10:00:00+05:30
hld_68c53864,inv_9a6cbe18,usr_bcc051ad,2,hidem_df39b59ad12e1451,2026-08-15T08:30:00+05:30,2026-08-15T08:45:00+05:30,2026-08-15T08:47:00+05:30,,expired,2026-08-18T10:00:00+05:30
hld_4f7eac08,inv_8b64faed,usr_4bf78f59,1,hidem_94110d7d87896142,2026-08-10T02:45:00+05:30,2026-08-10T03:05:00+05:30,,,active,2026-08-18T10:00:00+05:30
hld_4856553b,inv_cf410677,usr_c24f45f3,1,hidem_491518cf0600e30c,2026-08-16T21:30:00+05:30,2026-08-16T21:45:00+05:30,2026-08-16T21:47:00+05:30,,released,2026-08-18T10:00:00+05:30
hld_ab892a92,inv_9172d802,usr_8479a3e5,1,hidem_423c806273a64e57,2026-08-10T07:15:00+05:30,2026-08-10T07:30:00+05:30,2026-08-10T07:32:00+05:30,,expired,2026-08-18T10:00:00+05:30
hld_cfbf67c8,inv_a4a107a9,usr_de5d9e34,2,hidem_7e7e807c1df8a36c,2026-08-10T22:15:00+05:30,2026-08-10T22:35:00+05:30,,bkg_a662b84a,confirmed,2026-08-18T10:00:00+05:30
hld_cf3b4170,inv_e71eeba5,usr_c535ee88,2,hidem_1cdc07e71e8dde03,2026-08-12T20:15:00+05:30,2026-08-12T20:35:00+05:30,2026-08-12T20:32:00+05:30,,expired,2026-08-18T10:00:00+05:30
hld_ccc6dc6a,inv_35518734,usr_20ea4b19,2,hidem_5c544043897b411c,2026-08-13T14:45:00+05:30,2026-08-13T15:05:00+05:30,,bkg_c74a6666,confirmed,2026-08-18T10:00:00+05:30
hld_2d071163,inv_d7893029,usr_8452201e,1,hidem_94f8c5f6f80d9a4f,2026-08-10T10:00:00+05:30,2026-08-10T10:15:00+05:30,,bkg_e2f8df81,confirmed,2026-08-18T10:00:00+05:30
hld_85593bc0,inv_451fc640,usr_63f4e9fd,2,hidem_2641df820de54c13,2026-08-14T14:45:00+05:30,2026-08-14T15:05:00+05:30,,,active,2026-08-18T10:00:00+05:30
hld_8f072aca,inv_55909972,usr_fd8f7b49,1,hidem_ee512bcc4450a58a,2026-08-17T00:00:00+05:30,2026-08-17T00:10:00+05:30,,bkg_8f59e4ba,confirmed,2026-08-18T10:00:00+05:30
hld_c72f2530,inv_405a7deb,usr_b0cd91cf,2,hidem_e246551066fa7167,2026-08-13T14:30:00+05:30,2026-08-13T14:40:00+05:30,,,active,2026-08-18T10:00:00+05:30
hld_a4515008,inv_2c8e96a1,usr_cfc145a0,2,hidem_e7af1ded7205eda8,2026-08-16T06:00:00+05:30,2026-08-16T06:10:00+05:30,2026-08-16T06:17:00+05:30,,released,2026-08-18T10:00:00+05:30
hld_5e47523a,inv_48450e0c,usr_9bf04990,2,hidem_cfcc3fc8cec80668,2026-08-12T17:15:00+05:30,2026-08-12T17:25:00+05:30,2026-08-12T17:32:00+05:30,,expired,2026-08-18T10:00:00+05:30
hld_d7030ceb,inv_e1b194b1,usr_c8025f92,1,hidem_aa0ced2ab8f2fb25,2026-08-13T09:15:00+05:30,2026-08-13T09:35:00+05:30,,bkg_da6f37fb,confirmed,2026-08-18T10:00:00+05:30
hld_8a83244c,inv_4c390f8a,usr_cb58a9e1,1,hidem_b5c4c3e95e1ee1e5,2026-08-10T06:00:00+05:30,2026-08-10T06:20:00+05:30,2026-08-10T06:17:00+05:30,,released,2026-08-18T10:00:00+05:30
hld_0ceb423a,inv_edc21387,usr_52257a0a,2,hidem_02991d9da93c9fc8,2026-08-14T09:15:00+05:30,2026-08-14T09:30:00+05:30,2026-08-14T09:32:00+05:30,,released,2026-08-18T10:00:00+05:30
hld_256a2247,inv_e5d53f49,usr_9c3deed5,1,hidem_61b281dafa39fcc3,2026-08-15T01:00:00+05:30,2026-08-15T01:15:00+05:30,,bkg_a7015bda,confirmed,2026-08-18T10:00:00+05:30
hld_e8702f94,inv_88826dac,usr_991a1e29,1,hidem_f940c1093c0a3a62,2026-08-13T11:30:00+05:30,2026-08-13T11:50:00+05:30,2026-08-13T11:47:00+05:30,,expired,2026-08-18T10:00:00+05:30
hld_f96eb194,inv_c3f18b44,usr_32ad88b8,2,hidem_a60c1cb12ff080b7,2026-08-17T05:00:00+05:30,2026-08-17T05:15:00+05:30,2026-08-17T05:17:00+05:30,,expired,2026-08-18T10:00:00+05:30
hld_7e5656ab,inv_3ad55aa5,usr_aa216995,2,hidem_014b2adb2e535705,2026-08-17T04:30:00+05:30,2026-08-17T04:50:00+05:30,,,active,2026-08-18T10:00:00+05:30
hld_c6d8d9f8,inv_2cdb6751,usr_045378e4,2,hidem_ff6407a9e835bea8,2026-08-10T00:15:00+05:30,2026-08-10T00:25:00+05:30,2026-08-10T00:32:00+05:30,,released,2026-08-18T10:00:00+05:30
hld_10ed30bd,inv_545541c2,usr_4420259c,1,hidem_c92e127b16b10199,2026-08-10T23:15:00+05:30,2026-08-10T23:25:00+05:30,,,active,2026-08-18T10:00:00+05:30
hld_6287a567,inv_8c10ce55,usr_44ef2e9c,1,hidem_377c4be2a7f681f3,2026-08-16T13:00:00+05:30,2026-08-16T13:20:00+05:30,,bkg_40717fe7,confirmed,2026-08-18T10:00:00+05:30
hld_808808f5,inv_c8a1c344,usr_701b0010,1,hidem_6cd5842128500cd1,2026-08-14T07:30:00+05:30,2026-08-14T07:50:00+05:30,,bkg_d0de1937,confirmed,2026-08-18T10:00:00+05:30
hld_56384bdd,inv_6593f956,usr_ef82139e,2,hidem_bded5d97b657ca37,2026-08-10T22:30:00+05:30,2026-08-10T22:45:00+05:30,,bkg_45e6c074,confirmed,2026-08-18T10:00:00+05:30
hld_6139f4db,inv_facfdfa3,usr_3b70ae01,1,hidem_22657dd45c57b1bb,2026-08-10T19:00:00+05:30,2026-08-10T19:20:00+05:30,,bkg_e1947f5e,confirmed,2026-08-18T10:00:00+05:30
hld_55283956,inv_33c9dcb0,usr_050830ac,1,hidem_1d369b9e931d369b,2026-08-14T05:15:00+05:30,2026-08-14T05:30:00+05:30,,,active,2026-08-18T10:00:00+05:30
hld_95bcb991,inv_70c587c5,usr_e0853a17,1,hidem_8cc04676933a6ee9,2026-08-12T04:15:00+05:30,2026-08-12T04:30:00+05:30,,,active,2026-08-18T10:00:00+05:30
hld_5db107e1,inv_228322d5,usr_3038e2f7,2,hidem_90a263dd98abd1e6,2026-08-13T04:15:00+05:30,2026-08-13T04:25:00+05:30,,bkg_7df09cdd,confirmed,2026-08-18T10:00:00+05:30
hld_14ad1f68,inv_561da484,usr_e99f58c3,1,hidem_0bef855781356fe2,2026-08-15T16:30:00+05:30,2026-08-15T16:45:00+05:30,2026-08-15T16:47:00+05:30,,released,2026-08-18T10:00:00+05:30
hld_59be03da,inv_8ca08927,usr_68f38693,1,hidem_aca91a609f25952d,2026-08-16T15:45:00+05:30,2026-08-16T16:00:00+05:30,2026-08-16T16:02:00+05:30,,released,2026-08-18T10:00:00+05:30
hld_50e18727,inv_d9684b09,usr_3c2f4109,2,hidem_bad93e343a82e023,2026-08-11T20:15:00+05:30,2026-08-11T20:30:00+05:30,,bkg_50f7bfa7,confirmed,2026-08-18T10:00:00+05:30
hld_4b923d3a,inv_0bc87dec,usr_dc032205,2,hidem_8c4db02e7dfd43c0,2026-08-13T13:45:00+05:30,2026-08-13T14:00:00+05:30,,bkg_59637645,confirmed,2026-08-18T10:00:00+05:30
hld_17590ed8,inv_4b5caa9a,usr_8f0039c0,1,hidem_06de55286b67f79c,2026-08-10T16:00:00+05:30,2026-08-10T16:20:00+05:30,2026-08-10T16:17:00+05:30,,expired,2026-08-18T10:00:00+05:30
hld_089b579c,inv_9e65e2c3,usr_b0cd91cf,1,hidem_1ef9d61952ac97e3,2026-08-13T01:30:00+05:30,2026-08-13T01:45:00+05:30,,bkg_cfe06f0c,confirmed,2026-08-18T10:00:00+05:30
hld_1194d356,inv_5dadfd2f,usr_c426b4e1,1,hidem_12090891d9371ea7,2026-08-16T04:30:00+05:30,2026-08-16T04:50:00+05:30,,bkg_b8fac971,confirmed,2026-08-18T10:00:00+05:30
hld_87290403,inv_f92856b5,usr_969a0636,2,hidem_9a35b16c7c1dcf9e,2026-08-16T11:45:00+05:30,2026-08-16T12:05:00+05:30,,bkg_37599184,confirmed,2026-08-18T10:00:00+05:30
hld_a6ca4aa8,inv_404071c9,usr_f9060fbb,1,hidem_0a930913785818ed,2026-08-14T05:45:00+05:30,2026-08-14T06:00:00+05:30,,,active,2026-08-18T10:00:00+05:30
hld_20e9ec02,inv_4dfce743,usr_3e6ed8be,2,hidem_28c02cf9ac538a3a,2026-08-12T18:45:00+05:30,2026-08-12T19:00:00+05:30,,,active,2026-08-18T10:00:00+05:30
hld_b4565469,inv_a8583ddb,usr_4dee7364,1,hidem_829aa49fecb62b2b,2026-08-17T13:15:00+05:30,2026-08-17T13:30:00+05:30,,bkg_508e0ba8,confirmed,2026-08-18T10:00:00+05:30
hld_a310bb66,inv_54732cdb,usr_b8c5bfe0,1,hidem_65558589d2e0cfc1,2026-08-15T05:45:00+05:30,2026-08-15T05:55:00+05:30,2026-08-15T06:02:00+05:30,,released,2026-08-18T10:00:00+05:30
hld_37cc932a,inv_e7913b58,usr_045378e4,2,hidem_14aabe7dce874a4a,2026-08-13T14:30:00+05:30,2026-08-13T14:45:00+05:30,,,active,2026-08-18T10:00:00+05:30
hld_1fb9aa39,inv_2aa18375,usr_0ae483ef,1,hidem_cb177624fadca413,2026-08-10T11:30:00+05:30,2026-08-10T11:50:00+05:30,2026-08-10T11:47:00+05:30,,released,2026-08-18T10:00:00+05:30
hld_089d92b2,inv_f0fd809e,usr_45ec7f60,1,hidem_2a3b68af498a8237,2026-08-15T22:45:00+05:30,2026-08-15T22:55:00+05:30,2026-08-15T23:02:00+05:30,,released,2026-08-18T10:00:00+05:30
hld_a5bef249,inv_77c8fefa,usr_d245dd5d,1,hidem_5fff6c33907a2660,2026-08-13T04:00:00+05:30,2026-08-13T04:20:00+05:30,2026-08-13T04:17:00+05:30,,released,2026-08-18T10:00:00+05:30
hld_e2dd15d2,inv_461987e0,usr_72dfb712,2,hidem_d56cd55f5c6b063d,2026-08-12T21:30:00+05:30,2026-08-12T21:50:00+05:30,,,active,2026-08-18T10:00:00+05:30
hld_495c2ab7,inv_1c3e23d7,usr_101792ef,2,hidem_1b6670c044f7b34e,2026-08-12T22:00:00+05:30,2026-08-12T22:15:00+05:30,2026-08-12T22:17:00+05:30,,expired,2026-08-18T10:00:00+05:30
hld_5bd81b4e,inv_d6980bcd,usr_437596b5,1,hidem_aa84c6dc2b5280b5,2026-08-13T16:00:00+05:30,2026-08-13T16:15:00+05:30,,bkg_ebfe62ce,confirmed,2026-08-18T10:00:00+05:30
hld_38a4997b,inv_d9fcd18d,usr_60e00854,2,hidem_49055627ea42a065,2026-08-15T10:30:00+05:30,2026-08-15T10:40:00+05:30,,bkg_76c4c610,confirmed,2026-08-18T10:00:00+05:30
hld_2cb6c03b,inv_c67c539f,usr_dcc95fd2,2,hidem_ab32b70eb235304c,2026-08-12T15:00:00+05:30,2026-08-12T15:10:00+05:30,,bkg_cc8bbb40,confirmed,2026-08-18T10:00:00+05:30
hld_9cd7f6d5,inv_b1c6fe48,usr_a5bb000c,2,hidem_78f502d6a7a61387,2026-08-15T01:00:00+05:30,2026-08-15T01:10:00+05:30,,bkg_7b3d2cbb,confirmed,2026-08-18T10:00:00+05:30
hld_079be3f9,inv_100f37ab,usr_db93de1b,2,hidem_034538d6e73c9302,2026-08-15T06:00:00+05:30,2026-08-15T06:15:00+05:30,,bkg_948c483e,confirmed,2026-08-18T10:00:00+05:30
hld_e110bd69,inv_d6af0961,usr_20caee9e,1,hidem_18b5e99dc2922ef2,2026-08-13T14:30:00+05:30,2026-08-13T14:50:00+05:30,,bkg_eb6af426,confirmed,2026-08-18T10:00:00+05:30
hld_2341c0be,inv_35ab4e1c,usr_e4f15778,2,hidem_3b1207b49f0760f7,2026-08-16T07:00:00+05:30,2026-08-16T07:10:00+05:30,,bkg_5c37c9d3,confirmed,2026-08-18T10:00:00+05:30
hld_0ebcf6fe,inv_12e66d32,usr_ba25cb52,2,hidem_a33dee0964314a25,2026-08-15T00:00:00+05:30,2026-08-15T00:20:00+05:30,2026-08-15T00:17:00+05:30,,released,2026-08-18T10:00:00+05:30
hld_1059903d,inv_5d5265ca,usr_2d4d90ee,1,hidem_5547ae191dd3b32f,2026-08-14T07:30:00+05:30,2026-08-14T07:45:00+05:30,2026-08-14T07:47:00+05:30,,expired,2026-08-18T10:00:00+05:30
hld_e582c14e,inv_68ea00a0,usr_8f241d83,1,hidem_629cd582f8dc7cc8,2026-08-11T21:15:00+05:30,2026-08-11T21:25:00+05:30,,bkg_cfbf1f0f,confirmed,2026-08-18T10:00:00+05:30
hld_a8ee8571,inv_5779aab3,usr_2366517c,2,hidem_ed04cf1d73a87674,2026-08-17T06:45:00+05:30,2026-08-17T07:05:00+05:30,2026-08-17T07:02:00+05:30,,released,2026-08-18T10:00:00+05:30
hld_9902df4c,inv_e45eb9e8,usr_e8f563b9,1,hidem_b42d0e5628fb2991,2026-08-13T08:15:00+05:30,2026-08-13T08:30:00+05:30,2026-08-13T08:32:00+05:30,,expired,2026-08-18T10:00:00+05:30
hld_8fd39e42,inv_cdd42241,usr_4a6f1818,1,hidem_db7dedf55e3c59bd,2026-08-13T01:30:00+05:30,2026-08-13T01:45:00+05:30,2026-08-13T01:47:00+05:30,,released,2026-08-18T10:00:00+05:30
hld_6aa3a016,inv_78a20eb9,usr_beeb010f,2,hidem_7f07d26a761f9ad1,2026-08-16T18:15:00+05:30,2026-08-16T18:35:00+05:30,,bkg_0ca9eb93,confirmed,2026-08-18T10:00:00+05:30
hld_4a420ab5,inv_0a2f5869,usr_737d4dab,1,hidem_6df7bb0b565efe8c,2026-08-14T06:30:00+05:30,2026-08-14T06:40:00+05:30,,bkg_88773f95,confirmed,2026-08-18T10:00:00+05:30
hld_b257a033,inv_38bdd8f6,usr_a9008871,2,hidem_d9e0e1dea3c9de37,2026-08-13T16:45:00+05:30,2026-08-13T17:05:00+05:30,,bkg_ea88de1b,confirmed,2026-08-18T10:00:00+05:30
hld_1a0d5570,inv_f8abe75c,usr_5e79c66a,1,hidem_c69d529e73785a27,2026-08-17T00:00:00+05:30,2026-08-17T00:15:00+05:30,,,active,2026-08-18T10:00:00+05:30
hld_ca625e5b,inv_7919a57c,usr_4be86d73,1,hidem_dd4c445060888881,2026-08-17T18:30:00+05:30,2026-08-17T18:50:00+05:30,,bkg_c2cc89f9,confirmed,2026-08-18T10:00:00+05:30
hld_d4604d8d,inv_66cb06b0,usr_1c8154b9,1,hidem_a7c0a88e5c00ea01,2026-08-17T14:30:00+05:30,2026-08-17T14:40:00+05:30,2026-08-17T14:47:00+05:30,,released,2026-08-18T10:00:00+05:30
hld_252407f3,inv_39b96dc3,usr_d8a9b9b3,2,hidem_75a27406ca5f5d5b,2026-08-10T08:00:00+05:30,2026-08-10T08:15:00+05:30,,bkg_b274353b,confirmed,2026-08-18T10:00:00+05:30
hld_7ec1593d,inv_2c058abf,usr_949a215d,1,hidem_f6b75465ca03260c,2026-08-16T05:15:00+05:30,2026-08-16T05:35:00+05:30,,,active,2026-08-18T10:00:00+05:30
hld_b517d826,inv_d24aa5ca,usr_ab2353de,2,hidem_3c0335538b5c9765,2026-08-15T22:15:00+05:30,2026-08-15T22:25:00+05:30,,bkg_684e68ec,confirmed,2026-08-18T10:00:00+05:30
hld_1e017efb,inv_17e3a80c,usr_c00138d6,1,hidem_3e2d5f85442dd64e,2026-08-12T18:00:00+05:30,2026-08-12T18:20:00+05:30,2026-08-12T18:17:00+05:30,,expired,2026-08-18T10:00:00+05:30
hld_3c4ba45e,inv_85b1670a,usr_b2c6fdd5,2,hidem_fca216d23de38664,2026-08-13T05:15:00+05:30,2026-08-13T05:30:00+05:30,,bkg_da62ca76,confirmed,2026-08-18T10:00:00+05:30
hld_416ba733,inv_a92c7a9e,usr_dbcf6091,1,hidem_f8c30353bcf174c9,2026-08-15T14:45:00+05:30,2026-08-15T15:05:00+05:30,,bkg_6598d4a9,confirmed,2026-08-18T10:00:00+05:30
hld_f68dc71c,inv_322dab81,usr_51294c66,2,hidem_0d2cc5373537a675,2026-08-16T10:00:00+05:30,2026-08-16T10:10:00+05:30,,bkg_06e53ebf,confirmed,2026-08-18T10:00:00+05:30
hld_87f9a08b,inv_0d1ac38b,usr_e4376908,1,hidem_0bbd13fe136cd60e,2026-08-15T16:45:00+05:30,2026-08-15T16:55:00+05:30,2026-08-15T17:02:00+05:30,,expired,2026-08-18T10:00:00+05:30
hld_d074dc99,inv_65b08b7c,usr_eb6b7ee0,2,hidem_c866889737e99a1f,2026-08-15T12:30:00+05:30,2026-08-15T12:45:00+05:30,,bkg_10cc31f7,confirmed,2026-08-18T10:00:00+05:30
hld_7d87a6ed,inv_63e9dbef,usr_ece2ab24,1,hidem_9191dc3f184bbef5,2026-08-15T20:30:00+05:30,2026-08-15T20:40:00+05:30,2026-08-15T20:47:00+05:30,,expired,2026-08-18T10:00:00+05:30
hld_b59adcb0,inv_f718fa2a,usr_c60b1837,2,hidem_694a7fdf339b3e65,2026-08-11T05:45:00+05:30,2026-08-11T06:05:00+05:30,2026-08-11T06:02:00+05:30,,expired,2026-08-18T10:00:00+05:30
hld_5e84eaa8,inv_4f92abb0,usr_ae35e63d,1,hidem_405bf01dcc6375af,2026-08-14T12:30:00+05:30,2026-08-14T12:50:00+05:30,2026-08-14T12:47:00+05:30,,released,2026-08-18T10:00:00+05:30
hld_d0b4f250,inv_0b1b582f,usr_ba357566,1,hidem_8b4e0dc4a38caf38,2026-08-12T02:45:00+05:30,2026-08-12T02:55:00+05:30,,,active,2026-08-18T10:00:00+05:30
hld_3b48ce74,inv_f53a557e,usr_6043ede2,1,hidem_573599a9e56c744b,2026-08-15T17:15:00+05:30,2026-08-15T17:35:00+05:30,2026-08-15T17:32:00+05:30,,expired,2026-08-18T10:00:00+05:30
hld_eb2d972a,inv_a3397602,usr_63d19d4c,1,hidem_bfb98d4beb978203,2026-08-16T19:00:00+05:30,2026-08-16T19:15:00+05:30,2026-08-16T19:17:00+05:30,,expired,2026-08-18T10:00:00+05:30
hld_f5078da3,inv_e35692f5,usr_fa3a9dd6,2,hidem_000bfd183043e54e,2026-08-10T15:45:00+05:30,2026-08-10T15:55:00+05:30,,bkg_874fcd2d,confirmed,2026-08-18T10:00:00+05:30
hld_0bc8055b,inv_714900ab,usr_160064ff,1,hidem_99e8b532d2acb6a9,2026-08-10T06:15:00+05:30,2026-08-10T06:35:00+05:30,2026-08-10T06:32:00+05:30,,released,2026-08-18T10:00:00+05:30
hld_19bde6a6,inv_4a6c3fc3,usr_3337c89a,1,hidem_e24fef90578fcf68,2026-08-14T18:30:00+05:30,2026-08-14T18:45:00+05:30,,,active,2026-08-18T10:00:00+05:30
hld_0d171db0,inv_71c3a221,usr_643a1ad9,1,hidem_4cf8870c0bb99cae,2026-08-14T02:30:00+05:30,2026-08-14T02:50:00+05:30,,bkg_c8f9ca48,confirmed,2026-08-18T10:00:00+05:30
hld_1b53afdf,inv_f4cc6413,usr_03f70025,1,hidem_86f1d942727c1d85,2026-08-13T07:00:00+05:30,2026-08-13T07:20:00+05:30,2026-08-13T07:17:00+05:30,,released,2026-08-18T10:00:00+05:30
hld_ed3b492c,inv_d0e46ad2,usr_b1a4b433,1,hidem_c0c15b0201c231b3,2026-08-12T18:30:00+05:30,2026-08-12T18:50:00+05:30,,bkg_7ef2bab3,confirmed,2026-08-18T10:00:00+05:30
hld_8d141116,inv_7cb3c67b,usr_2c8b7af8,2,hidem_2374405a7daa91e2,2026-08-11T14:15:00+05:30,2026-08-11T14:35:00+05:30,,,active,2026-08-18T10:00:00+05:30
hld_f7555366,inv_ffcbd5b4,usr_da6b9625,1,hidem_d58d1f6f560b354b,2026-08-13T10:30:00+05:30,2026-08-13T10:50:00+05:30,,bkg_4fc20ebc,confirmed,2026-08-18T10:00:00+05:30
hld_2e893844,inv_fac4717a,usr_6f068e43,2,hidem_8d4731ab267f48b2,2026-08-10T00:00:00+05:30,2026-08-10T00:20:00+05:30,2026-08-10T00:17:00+05:30,,released,2026-08-18T10:00:00+05:30
hld_c3d9dbd6,inv_0e1747b3,usr_66a4a013,2,hidem_d46bc2f9bbadc1a9,2026-08-11T11:15:00+05:30,2026-08-11T11:35:00+05:30,,bkg_dc5c34ab,confirmed,2026-08-18T10:00:00+05:30
hld_606bac03,inv_bec68695,usr_1dc8f83e,1,hidem_270ae6278c0716ff,2026-08-10T22:45:00+05:30,2026-08-10T23:05:00+05:30,2026-08-10T23:02:00+05:30,,expired,2026-08-18T10:00:00+05:30
hld_f9161154,inv_8f35343a,usr_ea41e115,2,hidem_ef7ba24dbd399673,2026-08-11T08:15:00+05:30,2026-08-11T08:25:00+05:30,2026-08-11T08:32:00+05:30,,released,2026-08-18T10:00:00+05:30
hld_919653c9,inv_bc223070,usr_ce941853,1,hidem_5afbb0042242cfe3,2026-08-14T15:15:00+05:30,2026-08-14T15:35:00+05:30,,,active,2026-08-18T10:00:00+05:30
hld_30f9a225,inv_cc243e50,usr_db304908,2,hidem_eb312522ed11d7b5,2026-08-15T09:00:00+05:30,2026-08-15T09:15:00+05:30,2026-08-15T09:17:00+05:30,,expired,2026-08-18T10:00:00+05:30
hld_14f21917,inv_924c7cd1,usr_c8ada8bd,1,hidem_3328323516675a88,2026-08-12T15:15:00+05:30,2026-08-12T15:25:00+05:30,,,active,2026-08-18T10:00:00+05:30
hld_fc68371b,inv_0d290f4c,usr_e3e5ef8a,1,hidem_8fdc49ab46dbbece,2026-08-13T12:00:00+05:30,2026-08-13T12:10:00+05:30,,bkg_9b09522b,confirmed,2026-08-18T10:00:00+05:30
hld_1c8f3fd1,inv_b123afb4,usr_ef2f6a43,1,hidem_5447f68222005a80,2026-08-13T16:00:00+05:30,2026-08-13T16:10:00+05:30,2026-08-13T16:17:00+05:30,,expired,2026-08-18T10:00:00+05:30
hld_14b4ec40,inv_14e1396d,usr_e3e5ef8a,1,hidem_45fd3ee1585cddd2,2026-08-17T12:30:00+05:30,2026-08-17T12:50:00+05:30,2026-08-17T12:47:00+05:30,,expired,2026-08-18T10:00:00+05:30
hld_0f9deca1,inv_d10d4b45,usr_cb58a9e1,1,hidem_31c2a567d1eebfba,2026-08-12T11:45:00+05:30,2026-08-12T12:00:00+05:30,2026-08-12T12:02:00+05:30,,expired,2026-08-18T10:00:00+05:30
hld_fba59832,inv_89778e87,usr_473f44c3,2,hidem_4b6966cd1f5d92b0,2026-08-12T21:30:00+05:30,2026-08-12T21:50:00+05:30,,bkg_a63d01e9,confirmed,2026-08-18T10:00:00+05:30
hld_7a5b67fc,inv_67f75cd3,usr_157e58e7,1,hidem_867723b5c224c756,2026-08-12T16:45:00+05:30,2026-08-12T16:55:00+05:30,,bkg_a5b21c59,confirmed,2026-08-18T10:00:00+05:30
hld_301becc7,inv_d1354806,usr_03f70025,2,hidem_b6627b1dfc26c03b,2026-08-14T12:00:00+05:30,2026-08-14T12:15:00+05:30,2026-08-14T12:17:00+05:30,,expired,2026-08-18T10:00:00+05:30
hld_05fe42a2,inv_66c5842e,usr_b2a5bbd0,2,hidem_00b370716ec8cfce,2026-08-12T11:45:00+05:30,2026-08-12T11:55:00+05:30,2026-08-12T12:02:00+05:30,,expired,2026-08-18T10:00:00+05:30
hld_ebac7e93,inv_a0829cd1,usr_e085ee6b,1,hidem_355c97742914480b,2026-08-13T19:45:00+05:30,2026-08-13T20:00:00+05:30,,bkg_e6972770,confirmed,2026-08-18T10:00:00+05:30
hld_da9a43a2,inv_1931a507,usr_f271c461,2,hidem_82591727e6a9ea1a,2026-08-13T08:30:00+05:30,2026-08-13T08:50:00+05:30,2026-08-13T08:47:00+05:30,,released,2026-08-18T10:00:00+05:30
hld_1f8bf2e2,inv_ff4cf903,usr_2b7e8931,1,hidem_41edeaa44963d6d0,2026-08-10T02:00:00+05:30,2026-08-10T02:10:00+05:30,2026-08-10T02:17:00+05:30,,expired,2026-08-18T10:00:00+05:30
hld_312c573c,inv_ada754f3,usr_d9890333,1,hidem_d631704d0502d3f9,2026-08-12T02:15:00+05:30,2026-08-12T02:25:00+05:30,,bkg_6c0b45a8,confirmed,2026-08-18T10:00:00+05:30
hld_75639674,inv_d85069fd,usr_e2ca58e8,1,hidem_1fd1bf20b45ccf73,2026-08-10T03:15:00+05:30,2026-08-10T03:25:00+05:30,,bkg_f77db1fa,confirmed,2026-08-18T10:00:00+05:30
hld_03eba4d8,inv_2c5dcdb3,usr_f5a38687,1,hidem_a24fe371dc1a6cf2,2026-08-15T03:45:00+05:30,2026-08-15T04:00:00+05:30,,bkg_faf17d11,confirmed,2026-08-18T10:00:00+05:30
hld_aafe5f2e,inv_707ea325,usr_985ca955,1,hidem_bbdde5271ae4d10c,2026-08-16T10:30:00+05:30,2026-08-16T10:45:00+05:30,,bkg_5ec210a4,confirmed,2026-08-18T10:00:00+05:30
hld_89ff9cc5,inv_7f36b8be,usr_6ec8f18d,2,hidem_1a9d5b121e202b96,2026-08-10T04:15:00+05:30,2026-08-10T04:35:00+05:30,,,active,2026-08-18T10:00:00+05:30
hld_c852ca16,inv_7d36d433,usr_05e40dfc,2,hidem_b6f4659ee084a158,2026-08-10T08:15:00+05:30,2026-08-10T08:30:00+05:30,2026-08-10T08:32:00+05:30,,released,2026-08-18T10:00:00+05:30
hld_7f041bc1,inv_8a60a728,usr_ca0410cb,2,hidem_9128eeece7a24774,2026-08-17T18:45:00+05:30,2026-08-17T19:00:00+05:30,2026-08-17T19:02:00+05:30,,expired,2026-08-18T10:00:00+05:30
hld_7a92a072,inv_5a9d2b99,usr_ece2ab24,2,hidem_748c61999b12398d,2026-08-17T15:30:00+05:30,2026-08-17T15:40:00+05:30,,bkg_ac6f6776,confirmed,2026-08-18T10:00:00+05:30
hld_32d42cf3,inv_88256513,usr_372a30af,2,hidem_4d241ca84a74fa87,2026-08-16T04:30:00+05:30,2026-08-16T04:45:00+05:30,,,active,2026-08-18T10:00:00+05:30
hld_34dba78e,inv_d13c8bcf,usr_fe68ac3c,1,hidem_8030afc62c640010,2026-08-12T14:00:00+05:30,2026-08-12T14:20:00+05:30,,bkg_4d650ab5,confirmed,2026-08-18T10:00:00+05:30
hld_4553589f,inv_d76cd35d,usr_34808c87,1,hidem_5c7c064d2d98a8f9,2026-08-16T09:45:00+05:30,2026-08-16T10:00:00+05:30,,bkg_8a728f63,confirmed,2026-08-18T10:00:00+05:30
hld_08ae6ee9,inv_17b1c1aa,usr_0db0f175,1,hidem_bf9a3ad7b61b96a5,2026-08-12T09:45:00+05:30,2026-08-12T10:05:00+05:30,2026-08-12T10:02:00+05:30,,released,2026-08-18T10:00:00+05:30
hld_a6f1181a,inv_b04f0a44,usr_895960e2,1,hidem_7020574d26b04b5c,2026-08-17T04:00:00+05:30,2026-08-17T04:15:00+05:30,,bkg_11f23f11,confirmed,2026-08-18T10:00:00+05:30
hld_649a6394,inv_2a9512bf,usr_050830ac,1,hidem_56fd886c8badfb2b,2026-08-13T23:45:00+05:30,2026-08-14T00:00:00+05:30,,bkg_a63d01e9,confirmed,2026-08-18T10:00:00+05:30
hld_2265c8f5,inv_8dfc5411,usr_11c77a9c,2,hidem_8e475011df3c720e,2026-08-15T21:30:00+05:30,2026-08-15T21:40:00+05:30,,bkg_ebae8305,confirmed,2026-08-18T10:00:00+05:30
hld_648fbdda,inv_83bacdb0,usr_63531f2d,2,hidem_42c5e07bc981ae80,2026-08-15T19:15:00+05:30,2026-08-15T19:30:00+05:30,2026-08-15T19:32:00+05:30,,expired,2026-08-18T10:00:00+05:30
hld_62fd7156,inv_2208ba35,usr_7f6d27fe,2,hidem_cbb126180040b009,2026-08-12T01:15:00+05:30,2026-08-12T01:35:00+05:30,,bkg_680acbca,confirmed,2026-08-18T10:00:00+05:30
hld_2b233406,inv_c9ad6d84,usr_fe13fe0f,1,hidem_40eab6867ce80bbf,2026-08-16T05:45:00+05:30,2026-08-16T06:05:00+05:30,,bkg_87c4d0c4,confirmed,2026-08-18T10:00:00+05:30
hld_71ed322d,inv_6e27ad38,usr_201332d4,1,hidem_e4556719066bbf25,2026-08-13T07:00:00+05:30,2026-08-13T07:15:00+05:30,,bkg_efbbe57d,confirmed,2026-08-18T10:00:00+05:30
hld_680ce929,inv_dd58c6e6,usr_9b51aca1,1,hidem_17eb2692a718a63c,2026-08-16T15:15:00+05:30,2026-08-16T15:35:00+05:30,,,active,2026-08-18T10:00:00+05:30
hld_4f2962ab,inv_92e4e0eb,usr_e3e0cd9d,1,hidem_8914acd65b62ee56,2026-08-10T12:45:00+05:30,2026-08-10T13:05:00+05:30,2026-08-10T13:02:00+05:30,,expired,2026-08-18T10:00:00+05:30
hld_a96e8d88,inv_bbb76cd1,usr_fbf7ac58,2,hidem_caec706f14c71553,2026-08-14T02:30:00+05:30,2026-08-14T02:45:00+05:30,2026-08-14T02:47:00+05:30,,released,2026-08-18T10:00:00+05:30
hld_39f16f8b,inv_00b9afeb,usr_20ea4b19,2,hidem_ee6662c06d27cd4f,2026-08-16T09:45:00+05:30,2026-08-16T10:00:00+05:30,,bkg_3acc5457,confirmed,2026-08-18T10:00:00+05:30
hld_b753d771,inv_90f0c609,usr_b204c453,2,hidem_64a86c97de2b91ee,2026-08-17T00:00:00+05:30,2026-08-17T00:15:00+05:30,,bkg_eefb0757,confirmed,2026-08-18T10:00:00+05:30
hld_7d11db16,inv_d879b256,usr_1217680f,1,hidem_d694d805fed91d3c,2026-08-11T21:45:00+05:30,2026-08-11T21:55:00+05:30,,bkg_44c20bce,confirmed,2026-08-18T10:00:00+05:30
hld_acd9054b,inv_79943c4d,usr_34f98272,1,hidem_1410d980bdb1ec4e,2026-08-10T15:30:00+05:30,2026-08-10T15:45:00+05:30,,,active,2026-08-18T10:00:00+05:30
hld_2dc708bd,inv_b0cb02f7,usr_d5cd5550,1,hidem_8659ecc1dae658a7,2026-08-16T21:15:00+05:30,2026-08-16T21:35:00+05:30,,bkg_73750d12,confirmed,2026-08-18T10:00:00+05:30
hld_afc1dc0e,inv_859ce809,usr_0ecc288c,2,hidem_ff78986f673f3a66,2026-08-15T00:00:00+05:30,2026-08-15T00:15:00+05:30,,bkg_ddc4803e,confirmed,2026-08-18T10:00:00+05:30
hld_364619f0,inv_ae0b5b6f,usr_17083a9e,2,hidem_13cf993eaf81b743,2026-08-16T15:30:00+05:30,2026-08-16T15:40:00+05:30,,,active,2026-08-18T10:00:00+05:30
hld_a87eb781,inv_65361332,usr_5e289429,2,hidem_3d08d0f8c680de99,2026-08-12T02:00:00+05:30,2026-08-12T02:20:00+05:30,,bkg_f77db1fa,confirmed,2026-08-18T10:00:00+05:30
hld_03293972,inv_d01eaf2e,usr_bc4a9809,2,hidem_921e73cbfbd5f6e0,2026-08-13T18:45:00+05:30,2026-08-13T19:00:00+05:30,,,active,2026-08-18T10:00:00+05:30
hld_ad56ba2c,inv_8f18897c,usr_e0a2b51a,2,hidem_61733cc8b78bdfdb,2026-08-14T20:45:00+05:30,2026-08-14T21:00:00+05:30,,bkg_4800decc,confirmed,2026-08-18T10:00:00+05:30
hld_3e6dd285,inv_8512fbe4,usr_80bfee13,1,hidem_481e160588ef6902,2026-08-14T21:30:00+05:30,2026-08-14T21:45:00+05:30,2026-08-14T21:47:00+05:30,,released,2026-08-18T10:00:00+05:30
hld_4c2dc495,inv_c8fef03a,usr_329d228c,2,hidem_111db9820f5a4164,2026-08-13T06:15:00+05:30,2026-08-13T06:30:00+05:30,2026-08-13T06:32:00+05:30,,released,2026-08-18T10:00:00+05:30
hld_8617bde9,inv_bab97f2c,usr_87b11a4d,1,hidem_01ffea3b911e5709,2026-08-10T00:15:00+05:30,2026-08-10T00:30:00+05:30,2026-08-10T00:32:00+05:30,,expired,2026-08-18T10:00:00+05:30
hld_1ec02277,inv_427ffd13,usr_343719c9,2,hidem_b18a31656a6fc875,2026-08-13T09:30:00+05:30,2026-08-13T09:40:00+05:30,,,active,2026-08-18T10:00:00+05:30
hld_a8f15c5d,inv_665616b9,usr_40a598d3,1,hidem_cb1124d0e02bcbab,2026-08-17T17:15:00+05:30,2026-08-17T17:30:00+05:30,2026-08-17T17:32:00+05:30,,expired,2026-08-18T10:00:00+05:30
hld_eb5fd8ad,inv_05a67400,usr_508f15f0,2,hidem_2b12447e75f355c2,2026-08-17T20:45:00+05:30,2026-08-17T20:55:00+05:30,2026-08-17T21:02:00+05:30,,expired,2026-08-18T10:00:00+05:30
hld_86bc39a6,inv_18e26bf7,usr_4bed9c81,2,hidem_1d968c635c60dd27,2026-08-10T10:00:00+05:30,2026-08-10T10:20:00+05:30,2026-08-10T10:17:00+05:30,,released,2026-08-18T10:00:00+05:30
hld_ed608b60,inv_d84850ca,usr_9115fc7c,2,hidem_bf39a8685cecf4b8,2026-08-12T16:45:00+05:30,2026-08-12T17:00:00+05:30,,bkg_b4539cc1,confirmed,2026-08-18T10:00:00+05:30
hld_7f0b505b,inv_c2ab5a9e,usr_0c1ce238,1,hidem_da65c0b7cbf8ffd8,2026-08-17T03:30:00+05:30,2026-08-17T03:45:00+05:30,2026-08-17T03:47:00+05:30,,expired,2026-08-18T10:00:00+05:30
hld_6f2bbd6c,inv_6ee56593,usr_4dc8096b,1,hidem_cbcb4dd4c1ff92e3,2026-08-14T01:45:00+05:30,2026-08-14T02:05:00+05:30,2026-08-14T02:02:00+05:30,,expired,2026-08-18T10:00:00+05:30
hld_515cc4b7,inv_3ac4ec19,usr_99adb626,2,hidem_77fcc7dbedf26434,2026-08-16T05:30:00+05:30,2026-08-16T05:45:00+05:30,,,active,2026-08-18T10:00:00+05:30
hld_0675ba7a,inv_6b661694,usr_91afdeed,2,hidem_001232b4e9c31aa4,2026-08-12T03:45:00+05:30,2026-08-12T04:00:00+05:30,,bkg_fa26c0d5,confirmed,2026-08-18T10:00:00+05:30
hld_ac012c30,inv_017c353e,usr_f9f499ba,2,hidem_24635e39bef79480,2026-08-16T22:30:00+05:30,2026-08-16T22:40:00+05:30,,bkg_ac6f6776,confirmed,2026-08-18T10:00:00+05:30
hld_989e07f9,inv_5dca5bcb,usr_7d136b40,2,hidem_7cf016292a93a5d1,2026-08-15T14:45:00+05:30,2026-08-15T15:00:00+05:30,2026-08-15T15:02:00+05:30,,expired,2026-08-18T10:00:00+05:30
hld_59847126,inv_86e88127,usr_225fd2f9,2,hidem_fc0699ac1c9537f2,2026-08-11T08:00:00+05:30,2026-08-11T08:15:00+05:30,,,active,2026-08-18T10:00:00+05:30
hld_30013103,inv_920ede19,usr_d7d11d69,1,hidem_f62b46e4248c29f2,2026-08-16T03:45:00+05:30,2026-08-16T04:05:00+05:30,,,active,2026-08-18T10:00:00+05:30
hld_29848a5e,inv_3c5a3176,usr_944d1a1b,1,hidem_6a12b3712328f1a6,2026-08-14T01:15:00+05:30,2026-08-14T01:25:00+05:30,2026-08-14T01:32:00+05:30,,released,2026-08-18T10:00:00+05:30
hld_294776d4,inv_172ae79b,usr_451855a4,1,hidem_ccbfbcb967b2176d,2026-08-11T21:45:00+05:30,2026-08-11T22:05:00+05:30,,bkg_68297e2e,confirmed,2026-08-18T10:00:00+05:30
hld_fc2f8f0a,inv_b3f7d340,usr_54e0dc44,1,hidem_aff22009fa9fec9f,2026-08-12T20:30:00+05:30,2026-08-12T20:50:00+05:30,,bkg_3213a909,confirmed,2026-08-18T10:00:00+05:30
hld_4259fd78,inv_6242377a,usr_29fdaeb0,1,hidem_1b50a6550a82a287,2026-08-17T05:45:00+05:30,2026-08-17T05:55:00+05:30,,,active,2026-08-18T10:00:00+05:30
hld_401375b2,inv_0431df2b,usr_bc8d5d3b,1,hidem_9fe563177a5f162a,2026-08-15T23:45:00+05:30,2026-08-15T23:55:00+05:30,,bkg_cf965f4b,confirmed,2026-08-18T10:00:00+05:30
hld_dfe454a9,inv_0788e260,usr_8fd32aa8,1,hidem_da29af9c145bdd72,2026-08-10T06:15:00+05:30,2026-08-10T06:25:00+05:30,,,active,2026-08-18T10:00:00+05:30
hld_b56edd92,inv_008b7d4b,usr_c60b1837,2,hidem_48baabe9bcbc5477,2026-08-10T23:00:00+05:30,2026-08-10T23:10:00+05:30,2026-08-10T23:17:00+05:30,,released,2026-08-18T10:00:00+05:30
hld_f8e0572c,inv_33c8b911,usr_36284ca0,2,hidem_779432571dddc883,2026-08-17T14:15:00+05:30,2026-08-17T14:35:00+05:30,,bkg_97646f57,confirmed,2026-08-18T10:00:00+05:30
hld_ee897019,inv_7f211cdf,usr_322bb31e,2,hidem_0410076784b49486,2026-08-17T13:30:00+05:30,2026-08-17T13:40:00+05:30,,bkg_a7f0c285,confirmed,2026-08-18T10:00:00+05:30
hld_b9824242,inv_b633a026,usr_f60ade8b,1,hidem_d14b46c8431d4391,2026-08-11T00:00:00+05:30,2026-08-11T00:15:00+05:30,2026-08-11T00:17:00+05:30,,released,2026-08-18T10:00:00+05:30
hld_2fea2012,inv_3a277fcc,usr_cbdc0a06,1,hidem_3a9bc4d4fe386394,2026-08-15T21:15:00+05:30,2026-08-15T21:25:00+05:30,,bkg_9919ebc0,confirmed,2026-08-18T10:00:00+05:30
hld_11ecca34,inv_72ab4337,usr_5de9da21,1,hidem_bd89d521eab527ed,2026-08-13T09:15:00+05:30,2026-08-13T09:25:00+05:30,2026-08-13T09:32:00+05:30,,expired,2026-08-18T10:00:00+05:30
hld_c013757a,inv_74a54cd8,usr_2dd33665,1,hidem_0538e8f57380583d,2026-08-17T14:15:00+05:30,2026-08-17T14:25:00+05:30,,,active,2026-08-18T10:00:00+05:30
hld_18fa07a6,inv_00b11c61,usr_9292ebbb,1,hidem_f5fdcddfad90800f,2026-08-10T07:15:00+05:30,2026-08-10T07:25:00+05:30,2026-08-10T07:32:00+05:30,,expired,2026-08-18T10:00:00+05:30
hld_b72ba943,inv_487a6bc6,usr_88af6903,2,hidem_835894ebb9f0d157,2026-08-13T01:15:00+05:30,2026-08-13T01:30:00+05:30,,bkg_4cae87e8,confirmed,2026-08-18T10:00:00+05:30
hld_4e4da0ef,inv_208670f3,usr_fcb4d1ef,1,hidem_75969b673d853104,2026-08-13T17:30:00+05:30,2026-08-13T17:50:00+05:30,2026-08-13T17:47:00+05:30,,expired,2026-08-18T10:00:00+05:30
hld_b7b4d13f,inv_bb52a0cf,usr_0d27fb06,2,hidem_be5051aa612a4e3c,2026-08-14T23:00:00+05:30,2026-08-14T23:10:00+05:30,,bkg_9340b70b,confirmed,2026-08-18T10:00:00+05:30
hld_5082ab8a,inv_84d343c6,usr_d32b1be5,2,hidem_4cd7b1b7117838ad,2026-08-14T01:45:00+05:30,2026-08-14T01:55:00+05:30,,bkg_582b4a8f,confirmed,2026-08-18T10:00:00+05:30
hld_132e4627,inv_96076fed,usr_77cc5104,1,hidem_f73fc325fe7ffd90,2026-08-16T06:45:00+05:30,2026-08-16T06:55:00+05:30,2026-08-16T07:02:00+05:30,,released,2026-08-18T10:00:00+05:30
hld_5462745a,inv_3737f636,usr_8aafd512,2,hidem_60c51162c271f205,2026-08-12T04:30:00+05:30,2026-08-12T04:40:00+05:30,2026-08-12T04:47:00+05:30,,released,2026-08-18T10:00:00+05:30
hld_9439ec28,inv_c4096aa8,usr_1dc8f83e,2,hidem_72a434a33b0ce0f0,2026-08-14T22:30:00+05:30,2026-08-14T22:50:00+05:30,,,active,2026-08-18T10:00:00+05:30
hld_9fff1845,inv_7f8720c2,usr_394de344,2,hidem_bab789e574abea79,2026-08-15T06:30:00+05:30,2026-08-15T06:45:00+05:30,,bkg_6698f84d,confirmed,2026-08-18T10:00:00+05:30
hld_f3b81ad6,inv_0d2b2d87,usr_c4f13dce,2,hidem_84b1dad95e044b44,2026-08-16T11:15:00+05:30,2026-08-16T11:35:00+05:30,,,active,2026-08-18T10:00:00+05:30
hld_f9a91bc0,inv_8f2f3214,usr_ca5e9ab1,1,hidem_7260c587b8e041a3,2026-08-17T19:30:00+05:30,2026-08-17T19:45:00+05:30,2026-08-17T19:47:00+05:30,,released,2026-08-18T10:00:00+05:30
hld_067ec24d,inv_bc6b3884,usr_bc9d20fa,2,hidem_73097f0a0c927d5a,2026-08-12T04:00:00+05:30,2026-08-12T04:10:00+05:30,,bkg_3bc47bbf,confirmed,2026-08-18T10:00:00+05:30
hld_bf250c4c,inv_84fde011,usr_8acc0ab4,1,hidem_88bd01e09821a181,2026-08-11T12:30:00+05:30,2026-08-11T12:45:00+05:30,2026-08-11T12:47:00+05:30,,expired,2026-08-18T10:00:00+05:30
hld_b59c0983,inv_646a663e,usr_712600f0,1,hidem_6e3c03d117483268,2026-08-16T08:15:00+05:30,2026-08-16T08:35:00+05:30,2026-08-16T08:32:00+05:30,,released,2026-08-18T10:00:00+05:30
hld_adefe507,inv_aec194d9,usr_17bacb4e,1,hidem_c27cddf260a51d50,2026-08-10T11:45:00+05:30,2026-08-10T12:00:00+05:30,,,active,2026-08-18T10:00:00+05:30
hld_2ea5dc28,inv_b3c1d60b,usr_20ea4b19,2,hidem_4dfe61334628fe19,2026-08-13T02:30:00+05:30,2026-08-13T02:40:00+05:30,,bkg_fb92ca0b,confirmed,2026-08-18T10:00:00+05:30
hld_7d6f5d85,inv_1e6d5203,usr_8846d546,1,hidem_2e7f52a379278633,2026-08-10T08:30:00+05:30,2026-08-10T08:45:00+05:30,2026-08-10T08:47:00+05:30,,expired,2026-08-18T10:00:00+05:30
hld_18ecde83,inv_b1ed2f91,usr_4bed9c81,2,hidem_cdaa0715c9074222,2026-08-15T16:30:00+05:30,2026-08-15T16:45:00+05:30,2026-08-15T16:47:00+05:30,,released,2026-08-18T10:00:00+05:30
hld_0f714ebe,inv_d88f6106,usr_bbf1e497,1,hidem_336aeebb2d452672,2026-08-11T03:00:00+05:30,2026-08-11T03:15:00+05:30,,bkg_cec5d0f5,confirmed,2026-08-18T10:00:00+05:30
hld_9c9f9fd4,inv_32257595,usr_abb36fee,2,hidem_8a823dc4065869f3,2026-08-13T03:00:00+05:30,2026-08-13T03:10:00+05:30,,,active,2026-08-18T10:00:00+05:30
hld_a3dbf3dd,inv_1281499a,usr_97d7df2b,2,hidem_4417c2dc55b58f79,2026-08-13T20:45:00+05:30,2026-08-13T21:05:00+05:30,,bkg_680acbca,confirmed,2026-08-18T10:00:00+05:30
hld_fffc813f,inv_866ae599,usr_8d937b9e,1,hidem_4b44872902f78fc1,2026-08-13T10:45:00+05:30,2026-08-13T10:55:00+05:30,,bkg_fa278005,confirmed,2026-08-18T10:00:00+05:30
hld_322d63ad,inv_71ab1147,usr_378b6f36,2,hidem_4529fde427c1f29f,2026-08-11T08:00:00+05:30,2026-08-11T08:10:00+05:30,,,active,2026-08-18T10:00:00+05:30
hld_40ccba1a,inv_f68d0ea4,usr_e3b9431c,1,hidem_28c4fd096b5c6dd2,2026-08-14T18:45:00+05:30,2026-08-14T19:05:00+05:30,2026-08-14T19:02:00+05:30,,expired,2026-08-18T10:00:00+05:30
hld_05fd9199,inv_958ac9d9,usr_e10845c8,1,hidem_e64a2dfdaf9f10cc,2026-08-16T10:45:00+05:30,2026-08-16T10:55:00+05:30,,bkg_dcbacaf5,confirmed,2026-08-18T10:00:00+05:30
hld_12b30841,inv_dfe9f57b,usr_182a86dd,2,hidem_6dc1401abaee905a,2026-08-17T15:00:00+05:30,2026-08-17T15:15:00+05:30,,,active,2026-08-18T10:00:00+05:30
hld_c892121e,inv_62ab1852,usr_824b14a8,1,hidem_80a5dd3919c88b0b,2026-08-13T07:45:00+05:30,2026-08-13T07:55:00+05:30,,bkg_d2a97d66,confirmed,2026-08-18T10:00:00+05:30
hld_86750696,inv_01def25d,usr_e459a18c,1,hidem_b624cf567e549988,2026-08-13T12:45:00+05:30,2026-08-13T12:55:00+05:30,2026-08-13T13:02:00+05:30,,released,2026-08-18T10:00:00+05:30
hld_eb53ccbf,inv_ef818cbc,usr_beb7e910,2,hidem_ee04697425faad24,2026-08-15T05:30:00+05:30,2026-08-15T05:45:00+05:30,,bkg_342e3286,confirmed,2026-08-18T10:00:00+05:30
hld_3b0716ac,inv_fc0663cb,usr_3190040f,2,hidem_a2c04ec25e30a62c,2026-08-13T09:15:00+05:30,2026-08-13T09:30:00+05:30,,bkg_76109801,confirmed,2026-08-18T10:00:00+05:30
hld_53fa9e2b,inv_155596c0,usr_b829ab46,1,hidem_b506e8170051e6d6,2026-08-13T00:45:00+05:30,2026-08-13T00:55:00+05:30,,bkg_72511bae,confirmed,2026-08-18T10:00:00+05:30
hld_03747600,inv_1dfb60c5,usr_49c29e32,2,hidem_3506cdf4908ae887,2026-08-17T12:30:00+05:30,2026-08-17T12:50:00+05:30,,,active,2026-08-18T10:00:00+05:30
hld_cdd4dbff,inv_0055e3a0,usr_4022bd9b,1,hidem_70079f2b4e9c7396,2026-08-15T04:45:00+05:30,2026-08-15T04:55:00+05:30,,bkg_c3651c90,confirmed,2026-08-18T10:00:00+05:30
hld_cd39b9cb,inv_6126bd97,usr_24d10368,1,hidem_b8cac2e6da74e8b5,2026-08-11T19:30:00+05:30,2026-08-11T19:45:00+05:30,2026-08-11T19:47:00+05:30,,expired,2026-08-18T10:00:00+05:30
hld_8579a3f5,inv_5892e55b,usr_c0f6428b,2,hidem_339ef936b410f27d,2026-08-14T15:30:00+05:30,2026-08-14T15:50:00+05:30,,bkg_bde76ff7,confirmed,2026-08-18T10:00:00+05:30
hld_5d47297c,inv_826e518d,usr_5e9a11a1,2,hidem_2960324ab4a57001,2026-08-16T02:45:00+05:30,2026-08-16T02:55:00+05:30,,bkg_a1a22773,confirmed,2026-08-18T10:00:00+05:30
hld_32feecaf,inv_5e8ec85b,usr_8f81432c,1,hidem_462ed11b8188091a,2026-08-14T12:15:00+05:30,2026-08-14T12:35:00+05:30,,,active,2026-08-18T10:00:00+05:30
hld_35aaf5cd,inv_0515ee02,usr_7e72b295,2,hidem_7abba324da5fd5c6,2026-08-16T09:00:00+05:30,2026-08-16T09:10:00+05:30,,bkg_a54fe830,confirmed,2026-08-18T10:00:00+05:30
hld_f0081427,inv_72034edd,usr_68f38693,2,hidem_beebc456eb4d229e,2026-08-15T05:30:00+05:30,2026-08-15T05:40:00+05:30,,bkg_70e8c4b3,confirmed,2026-08-18T10:00:00+05:30
hld_7d615f7e,inv_205097fe,usr_a0f188fa,2,hidem_11d0e262e89f3548,2026-08-14T19:00:00+05:30,2026-08-14T19:20:00+05:30,2026-08-14T19:17:00+05:30,,released,2026-08-18T10:00:00+05:30
hld_e088d974,inv_db9022eb,usr_5bfe40e4,1,hidem_889a7c7aab28af49,2026-08-17T14:00:00+05:30,2026-08-17T14:10:00+05:30,2026-08-17T14:17:00+05:30,,expired,2026-08-18T10:00:00+05:30
hld_0738277b,inv_34f4cf88,usr_8f241d83,1,hidem_28c33225e3d255de,2026-08-17T17:45:00+05:30,2026-08-17T18:05:00+05:30,2026-08-17T18:02:00+05:30,,released,2026-08-18T10:00:00+05:30
hld_8599bf20,inv_a83e03e8,usr_40edb5af,2,hidem_c73bb2d377972a66,2026-08-13T11:45:00+05:30,2026-08-13T11:55:00+05:30,,bkg_609d32b2,confirmed,2026-08-18T10:00:00+05:30
hld_2dfa7c30,inv_518f064f,usr_9b002a1a,1,hidem_05dc4b764b83ba9a,2026-08-14T22:30:00+05:30,2026-08-14T22:45:00+05:30,2026-08-14T22:47:00+05:30,,expired,2026-08-18T10:00:00+05:30
hld_867d4b13,inv_5cd55015,usr_20ea4b19,1,hidem_76bd33de859befdc,2026-08-12T01:30:00+05:30,2026-08-12T01:50:00+05:30,2026-08-12T01:47:00+05:30,,released,2026-08-18T10:00:00+05:30
hld_d486ef07,inv_aea3d48d,usr_95492664,1,hidem_a31d3504b6275b8c,2026-08-10T21:15:00+05:30,2026-08-10T21:30:00+05:30,,bkg_8b3501a5,confirmed,2026-08-18T10:00:00+05:30
hld_4f517187,inv_0ae3dc28,usr_656b5a35,1,hidem_31b72f727fbed8b2,2026-08-14T07:15:00+05:30,2026-08-14T07:35:00+05:30,,bkg_412e0857,confirmed,2026-08-18T10:00:00+05:30
hld_8899487b,inv_a449359b,usr_38ae75c0,2,hidem_d2dcd6f724b3bcc3,2026-08-17T12:00:00+05:30,2026-08-17T12:20:00+05:30,2026-08-17T12:17:00+05:30,,expired,2026-08-18T10:00:00+05:30
hld_c217170c,inv_1eac2920,usr_fd729274,2,hidem_334df168f40976d5,2026-08-10T13:30:00+05:30,2026-08-10T13:40:00+05:30,2026-08-10T13:47:00+05:30,,released,2026-08-18T10:00:00+05:30
hld_8115e3a7,inv_d0878d24,usr_0b8f3bdc,1,hidem_86da51854794b3a6,2026-08-17T03:30:00+05:30,2026-08-17T03:40:00+05:30,2026-08-17T03:47:00+05:30,,released,2026-08-18T10:00:00+05:30
hld_b1a6fec7,inv_a02d9121,usr_f50e2299,2,hidem_bfc2a26519ea47bf,2026-08-16T17:30:00+05:30,2026-08-16T17:45:00+05:30,,bkg_756f1ad4,confirmed,2026-08-18T10:00:00+05:30
hld_ff287c02,inv_cecfe103,usr_8452201e,1,hidem_8292247f1f4842f3,2026-08-12T18:45:00+05:30,2026-08-12T19:00:00+05:30,2026-08-12T19:02:00+05:30,,released,2026-08-18T10:00:00+05:30
hld_304a5fe1,inv_c6ea5281,usr_aacb82b1,2,hidem_9446f62b4cfeaf79,2026-08-14T07:15:00+05:30,2026-08-14T07:30:00+05:30,2026-08-14T07:32:00+05:30,,expired,2026-08-18T10:00:00+05:30
hld_b82f36f5,inv_3c737f2a,usr_fe68ac3c,2,hidem_d4622490585c138b,2026-08-10T19:30:00+05:30,2026-08-10T19:50:00+05:30,2026-08-10T19:47:00+05:30,,released,2026-08-18T10:00:00+05:30
hld_112fa64b,inv_a0829cd1,usr_c0926c78,1,hidem_3b113d4d1bff6d18,2026-08-15T09:30:00+05:30,2026-08-15T09:45:00+05:30,,bkg_03f30926,confirmed,2026-08-18T10:00:00+05:30
hld_962d7e9c,inv_731aedfb,usr_49c29e32,1,hidem_506a52daa7668f3b,2026-08-16T21:45:00+05:30,2026-08-16T21:55:00+05:30,,bkg_861f18f3,confirmed,2026-08-18T10:00:00+05:30
hld_8b0876ae,inv_00bf6cbd,usr_35d340e3,1,hidem_ab77b873b53eb31b,2026-08-14T23:00:00+05:30,2026-08-14T23:10:00+05:30,,bkg_858ca234,confirmed,2026-08-18T10:00:00+05:30
hld_7ee09421,inv_12306164,usr_373b76a9,2,hidem_646ad55694fe91f9,2026-08-13T06:15:00+05:30,2026-08-13T06:35:00+05:30,2026-08-13T06:32:00+05:30,,expired,2026-08-18T10:00:00+05:30
hld_100a0d2a,inv_41606380,usr_e459a18c,2,hidem_bc70a04c203a7faf,2026-08-11T19:30:00+05:30,2026-08-11T19:45:00+05:30,,,active,2026-08-18T10:00:00+05:30
hld_6f1622c4,inv_08436e28,usr_4a53ac63,1,hidem_0d2a3063e71c31aa,2026-08-12T10:45:00+05:30,2026-08-12T10:55:00+05:30,2026-08-12T11:02:00+05:30,,expired,2026-08-18T10:00:00+05:30
hld_aba3eb2a,inv_b0dcf47c,usr_a2ad776f,2,hidem_1232b4ebb3f132ff,2026-08-14T18:15:00+05:30,2026-08-14T18:35:00+05:30,,,active,2026-08-18T10:00:00+05:30
hld_3e6b1207,inv_ae8e0a9b,usr_2109396c,1,hidem_fb4a920a2031a27e,2026-08-10T14:00:00+05:30,2026-08-10T14:15:00+05:30,,bkg_5fdaa48d,confirmed,2026-08-18T10:00:00+05:30
hld_a266a306,inv_bd33ad83,usr_96700977,2,hidem_2498715b33913f99,2026-08-15T21:00:00+05:30,2026-08-15T21:15:00+05:30,2026-08-15T21:17:00+05:30,,released,2026-08-18T10:00:00+05:30
hld_70f775a2,inv_15c57117,usr_8b3ba681,2,hidem_2fd5bc02ee43f6df,2026-08-11T21:00:00+05:30,2026-08-11T21:15:00+05:30,2026-08-11T21:17:00+05:30,,released,2026-08-18T10:00:00+05:30
hld_6cea33fb,inv_8701da1c,usr_01037e5c,2,hidem_4b64e5fa68141da7,2026-08-15T22:00:00+05:30,2026-08-15T22:10:00+05:30,2026-08-15T22:17:00+05:30,,released,2026-08-18T10:00:00+05:30
hld_d049355e,inv_1b56e1cf,usr_bcc2d077,1,hidem_af41060707959ab1,2026-08-15T10:30:00+05:30,2026-08-15T10:40:00+05:30,,bkg_a330a27e,confirmed,2026-08-18T10:00:00+05:30
hld_11d7612b,inv_f8c671a7,usr_0eb7982c,2,hidem_58752db1c732cf93,2026-08-14T07:00:00+05:30,2026-08-14T07:15:00+05:30,2026-08-14T07:17:00+05:30,,expired,2026-08-18T10:00:00+05:30
hld_d1f7deee,inv_182d959a,usr_87ae707a,1,hidem_8219f8551eed3811,2026-08-16T11:00:00+05:30,2026-08-16T11:15:00+05:30,2026-08-16T11:17:00+05:30,,expired,2026-08-18T10:00:00+05:30
hld_6bc8f8b8,inv_a1dd87f0,usr_dc888b66,2,hidem_08dcddb7b5d0caa1,2026-08-16T10:00:00+05:30,2026-08-16T10:20:00+05:30,,bkg_1d1e89ab,confirmed,2026-08-18T10:00:00+05:30
hld_6b3dc593,inv_07a6df21,usr_ce11983a,2,hidem_287e0c918e68f8b7,2026-08-12T20:00:00+05:30,2026-08-12T20:20:00+05:30,,,active,2026-08-18T10:00:00+05:30
hld_39d44b7c,inv_1bb58bce,usr_e60873aa,1,hidem_be81caba2d47e425,2026-08-13T05:15:00+05:30,2026-08-13T05:30:00+05:30,2026-08-13T05:32:00+05:30,,expired,2026-08-18T10:00:00+05:30
hld_4cd068df,inv_38476d27,usr_326aed9f,1,hidem_7523b65fbdb63b82,2026-08-15T08:15:00+05:30,2026-08-15T08:35:00+05:30,2026-08-15T08:32:00+05:30,,released,2026-08-18T10:00:00+05:30
hld_df4a4e2f,inv_9784ed79,usr_85c09ee4,1,hidem_6e303724bf3744ff,2026-08-14T06:45:00+05:30,2026-08-14T07:05:00+05:30,2026-08-14T07:02:00+05:30,,expired,2026-08-18T10:00:00+05:30
hld_8fbfc2cc,inv_5ac76501,usr_de458aa5,1,hidem_cc53a0d5673d2b0c,2026-08-16T01:15:00+05:30,2026-08-16T01:25:00+05:30,,,active,2026-08-18T10:00:00+05:30
hld_f12d9810,inv_baa59a20,usr_6cdfb2c8,2,hidem_09d1ea981a927b5b,2026-08-12T10:00:00+05:30,2026-08-12T10:10:00+05:30,2026-08-12T10:17:00+05:30,,expired,2026-08-18T10:00:00+05:30
hld_de74802a,inv_d2c8ac64,usr_d23b92e9,1,hidem_b3ba7c5a364ce1d7,2026-08-16T16:00:00+05:30,2026-08-16T16:20:00+05:30,2026-08-16T16:17:00+05:30,,expired,2026-08-18T10:00:00+05:30
hld_5a7dab26,inv_de33f4cd,usr_58d2b52f,1,hidem_229a4d35c0b45a94,2026-08-13T13:15:00+05:30,2026-08-13T13:25:00+05:30,,bkg_5c0d9c97,confirmed,2026-08-18T10:00:00+05:30
hld_27712167,inv_b004a7a0,usr_4bf78f59,2,hidem_58f2e596ea0276f5,2026-08-12T05:30:00+05:30,2026-08-12T05:40:00+05:30,,,active,2026-08-18T10:00:00+05:30
hld_190c9308,inv_7e4abaae,usr_de0e4344,1,hidem_68c93d1b718ba79b,2026-08-13T08:30:00+05:30,2026-08-13T08:40:00+05:30,,,active,2026-08-18T10:00:00+05:30
hld_3b00e19c,inv_b9a106f6,usr_bac1ae76,1,hidem_ba51f3c776969cd6,2026-08-14T14:45:00+05:30,2026-08-14T15:05:00+05:30,,bkg_98b09532,confirmed,2026-08-18T10:00:00+05:30
hld_0b002d94,inv_fe1c1d3b,usr_a0980823,1,hidem_3a2d67c4dc6f724b,2026-08-13T14:45:00+05:30,2026-08-13T15:05:00+05:30,,bkg_22514df7,confirmed,2026-08-18T10:00:00+05:30
hld_4d5410d9,inv_85e38c12,usr_5b790166,2,hidem_20eae34c96dc721b,2026-08-10T13:45:00+05:30,2026-08-10T14:05:00+05:30,,,active,2026-08-18T10:00:00+05:30
hld_98869b39,inv_7416af95,usr_56e18e71,2,hidem_4d3b1135e07af466,2026-08-13T17:45:00+05:30,2026-08-13T17:55:00+05:30,2026-08-13T18:02:00+05:30,,expired,2026-08-18T10:00:00+05:30
hld_d2fc8d67,inv_26651cb1,usr_55abb9bc,1,hidem_0c6897487885e50d,2026-08-12T05:45:00+05:30,2026-08-12T05:55:00+05:30,,,active,2026-08-18T10:00:00+05:30
hld_b3b4a8d9,inv_05463fd1,usr_b07d9d74,1,hidem_00dcec5074732e46,2026-08-11T04:45:00+05:30,2026-08-11T05:05:00+05:30,,,active,2026-08-18T10:00:00+05:30
hld_6dda9f81,inv_b2587ef1,usr_f3d35bfe,1,hidem_85ab6827f774fa1a,2026-08-10T03:45:00+05:30,2026-08-10T04:00:00+05:30,,bkg_df30837b,confirmed,2026-08-18T10:00:00+05:30
hld_d04cce4a,inv_aabf3c3b,usr_3952555a,1,hidem_b9c544875800c86f,2026-08-10T00:15:00+05:30,2026-08-10T00:35:00+05:30,2026-08-10T00:32:00+05:30,,expired,2026-08-18T10:00:00+05:30
hld_db9d7433,inv_d0ed4459,usr_4794174d,1,hidem_59adb40346b9ea55,2026-08-16T10:45:00+05:30,2026-08-16T10:55:00+05:30,2026-08-16T11:02:00+05:30,,expired,2026-08-18T10:00:00+05:30
hld_f11029fb,inv_4d64b51d,usr_3127972d,1,hidem_089aaeeaee6ffbfc,2026-08-12T02:15:00+05:30,2026-08-12T02:25:00+05:30,2026-08-12T02:32:00+05:30,,expired,2026-08-18T10:00:00+05:30
hld_c3c4e962,inv_bc38a7d9,usr_ea269383,1,hidem_cf963d6d0e7d19d6,2026-08-13T17:30:00+05:30,2026-08-13T17:40:00+05:30,2026-08-13T17:47:00+05:30,,released,2026-08-18T10:00:00+05:30
hld_9c41f010,inv_62db25dd,usr_13971676,1,hidem_10f6cd956256fc33,2026-08-13T18:15:00+05:30,2026-08-13T18:30:00+05:30,2026-08-13T18:32:00+05:30,,released,2026-08-18T10:00:00+05:30
hld_98d6f1f3,inv_184c1f08,usr_546ab7b6,2,hidem_63f85ab154e8aae8,2026-08-13T16:30:00+05:30,2026-08-13T16:50:00+05:30,,bkg_fe892638,confirmed,2026-08-18T10:00:00+05:30
hld_ab626bc8,inv_f3893ce9,usr_58cbe8f3,1,hidem_6855b197fbe915a1,2026-08-10T04:00:00+05:30,2026-08-10T04:15:00+05:30,,,active,2026-08-18T10:00:00+05:30
hld_1fafc040,inv_0e582ba9,usr_b574b955,1,hidem_bd6d6554abb0c6b0,2026-08-13T07:30:00+05:30,2026-08-13T07:50:00+05:30,,,active,2026-08-18T10:00:00+05:30
hld_3b93a829,inv_e44644c2,usr_ddfa0cd0,2,hidem_66a385cfd5474875,2026-08-12T06:15:00+05:30,2026-08-12T06:30:00+05:30,2026-08-12T06:32:00+05:30,,expired,2026-08-18T10:00:00+05:30
hld_c27b1a98,inv_a370a936,usr_af17aeaa,1,hidem_3195ffab71212bca,2026-08-17T16:30:00+05:30,2026-08-17T16:45:00+05:30,2026-08-17T16:47:00+05:30,,released,2026-08-18T10:00:00+05:30
hld_43b9f460,inv_016bceb1,usr_9de6bd6d,1,hidem_56922eb929d9dc5c,2026-08-12T17:45:00+05:30,2026-08-12T18:05:00+05:30,,,active,2026-08-18T10:00:00+05:30
hld_ade100dc,inv_7645d06b,usr_32f091df,1,hidem_22146c8a6055789b,2026-08-16T21:00:00+05:30,2026-08-16T21:15:00+05:30,,bkg_025187d6,confirmed,2026-08-18T10:00:00+05:30
hld_f0bdc5b1,inv_212cc3e2,usr_cb58a9e1,2,hidem_77a01aa00c7eb6ef,2026-08-15T07:15:00+05:30,2026-08-15T07:25:00+05:30,,bkg_7a5b49f8,confirmed,2026-08-18T10:00:00+05:30
hld_9bf2f5ef,inv_b446c261,usr_42a441dc,2,hidem_6060fd3d6ab80be9,2026-08-15T14:45:00+05:30,2026-08-15T15:05:00+05:30,,bkg_1130909f,confirmed,2026-08-18T10:00:00+05:30
hld_59ac7816,inv_9e431fd9,usr_5c93d2d8,2,hidem_141412c83a72bf97,2026-08-13T15:00:00+05:30,2026-08-13T15:15:00+05:30,,,active,2026-08-18T10:00:00+05:30
hld_16dec459,inv_eaadc425,usr_fc909bdc,1,hidem_dae33ba1a44901fd,2026-08-15T06:00:00+05:30,2026-08-15T06:20:00+05:30,2026-08-15T06:17:00+05:30,,released,2026-08-18T10:00:00+05:30
hld_fcda364f,inv_0085492e,usr_2a348485,2,hidem_a464374e3cc9eeb4,2026-08-13T12:30:00+05:30,2026-08-13T12:40:00+05:30,2026-08-13T12:47:00+05:30,,expired,2026-08-18T10:00:00+05:30
hld_88f2b3df,inv_753ac06e,usr_a36d3b50,1,hidem_59288a9ef4f9dd1a,2026-08-10T02:30:00+05:30,2026-08-10T02:40:00+05:30,2026-08-10T02:47:00+05:30,,released,2026-08-18T10:00:00+05:30
hld_fbbcc99e,inv_2a9965a6,usr_1549bc70,2,hidem_b0daf3038d2e8597,2026-08-16T22:30:00+05:30,2026-08-16T22:50:00+05:30,,bkg_d49c3637,confirmed,2026-08-18T10:00:00+05:30
hld_65109bfc,inv_8c4e0b5e,usr_7101a5b5,1,hidem_d94f266a99abc034,2026-08-16T08:30:00+05:30,2026-08-16T08:45:00+05:30,,bkg_ea87a153,confirmed,2026-08-18T10:00:00+05:30
hld_585331eb,inv_56d0d5fd,usr_87ae707a,2,hidem_0017c9c1199f7b3f,2026-08-12T03:00:00+05:30,2026-08-12T03:20:00+05:30,,,active,2026-08-18T10:00:00+05:30
hld_31c27a2a,inv_83d7ee1c,usr_a0980823,2,hidem_e30c4d09f79d87e8,2026-08-17T20:15:00+05:30,2026-08-17T20:30:00+05:30,2026-08-17T20:32:00+05:30,,released,2026-08-18T10:00:00+05:30
hld_2d6198b1,inv_254de04b,usr_540d307a,1,hidem_f9fd0a7601335cce,2026-08-15T22:15:00+05:30,2026-08-15T22:30:00+05:30,2026-08-15T22:32:00+05:30,,released,2026-08-18T10:00:00+05:30
hld_3280224e,inv_140b8e50,usr_025837df,1,hidem_443af88102165869,2026-08-11T01:15:00+05:30,2026-08-11T01:30:00+05:30,,bkg_97ce76db,confirmed,2026-08-18T10:00:00+05:30
hld_68ca889d,inv_a20a0365,usr_a284e305,2,hidem_ae5c173be97d283f,2026-08-10T12:30:00+05:30,2026-08-10T12:45:00+05:30,,,active,2026-08-18T10:00:00+05:30
hld_9f215676,inv_fe3b740f,usr_8ad38493,1,hidem_10f29603724e43a2,2026-08-15T06:15:00+05:30,2026-08-15T06:35:00+05:30,,bkg_99b04c8f,confirmed,2026-08-18T10:00:00+05:30
hld_3af457cb,inv_aebb0298,usr_05306731,1,hidem_748afdd3a0052f4f,2026-08-14T04:00:00+05:30,2026-08-14T04:10:00+05:30,,bkg_4b349c64,confirmed,2026-08-18T10:00:00+05:30
hld_fb5c1c70,inv_bd33ad83,usr_8e89346c,2,hidem_25d34b4a90116943,2026-08-16T08:00:00+05:30,2026-08-16T08:20:00+05:30,2026-08-16T08:17:00+05:30,,expired,2026-08-18T10:00:00+05:30
hld_f7575746,inv_72c29cb0,usr_e1cd7b02,1,hidem_d6558376e91f4b58,2026-08-12T20:00:00+05:30,2026-08-12T20:20:00+05:30,,bkg_82fb696a,confirmed,2026-08-18T10:00:00+05:30
hld_4ba26605,inv_6fb84928,usr_dc888b66,2,hidem_0ba7b1b6d010094e,2026-08-15T05:15:00+05:30,2026-08-15T05:25:00+05:30,2026-08-15T05:32:00+05:30,,expired,2026-08-18T10:00:00+05:30
hld_d25af92a,inv_fbe74a5c,usr_fe68ac3c,2,hidem_542cf881b8034eec,2026-08-16T09:00:00+05:30,2026-08-16T09:15:00+05:30,,,active,2026-08-18T10:00:00+05:30
hld_7fa369b9,inv_7e1f369f,usr_ab2353de,1,hidem_4e88bb3d86875c9f,2026-08-16T14:45:00+05:30,2026-08-16T15:00:00+05:30,,bkg_7d97669b,confirmed,2026-08-18T10:00:00+05:30
hld_648e2b38,inv_9852ded8,usr_48ec046f,2,hidem_edea255e70cbac8f,2026-08-12T13:30:00+05:30,2026-08-12T13:45:00+05:30,,bkg_0654be20,confirmed,2026-08-18T10:00:00+05:30
hld_0a32ddde,inv_aee69114,usr_a0588479,2,hidem_f0755d36fc4c1f1d,2026-08-13T07:30:00+05:30,2026-08-13T07:45:00+05:30,2026-08-13T07:47:00+05:30,,expired,2026-08-18T10:00:00+05:30
hld_575d9e74,inv_74c5a06c,usr_67d03584,1,hidem_9f36d8ac05716597,2026-08-16T00:00:00+05:30,2026-08-16T00:10:00+05:30,2026-08-16T00:17:00+05:30,,released,2026-08-18T10:00:00+05:30
hld_c4985475,inv_36c93eb6,usr_9c898903,2,hidem_12c6f41682902b45,2026-08-11T05:45:00+05:30,2026-08-11T05:55:00+05:30,,bkg_8e2509e9,confirmed,2026-08-18T10:00:00+05:30
hld_d100e435,inv_e359913f,usr_8479a3e5,2,hidem_7a357153e30628e7,2026-08-14T14:45:00+05:30,2026-08-14T15:00:00+05:30,2026-08-14T15:02:00+05:30,,expired,2026-08-18T10:00:00+05:30
hld_99a71075,inv_132a954f,usr_3cb7beb3,1,hidem_2e0f780567dc9fc9,2026-08-11T23:30:00+05:30,2026-08-11T23:50:00+05:30,,,active,2026-08-18T10:00:00+05:30
hld_0183f3d1,inv_c978a62b,usr_7da99ef5,1,hidem_831eb043ccb19743,2026-08-11T20:30:00+05:30,2026-08-11T20:45:00+05:30,,,active,2026-08-18T10:00:00+05:30
hld_35e9d9dc,inv_0c424bcb,usr_d8cab59f,1,hidem_00ee7f4abe8c65e3,2026-08-12T00:45:00+05:30,2026-08-12T01:05:00+05:30,,,active,2026-08-18T10:00:00+05:30
hld_7669818f,inv_242ccd42,usr_21fe0c1f,2,hidem_86f990177b722271,2026-08-15T19:45:00+05:30,2026-08-15T20:00:00+05:30,2026-08-15T20:02:00+05:30,,released,2026-08-18T10:00:00+05:30
hld_6dbdcdd8,inv_3b6cfedb,usr_b678aa48,2,hidem_a1b733df75c22bb2,2026-08-11T05:30:00+05:30,2026-08-11T05:40:00+05:30,2026-08-11T05:47:00+05:30,,expired,2026-08-18T10:00:00+05:30
hld_f3b68b2e,inv_44422b8a,usr_12f95c97,2,hidem_f57075843a759ec0,2026-08-14T15:00:00+05:30,2026-08-14T15:15:00+05:30,,bkg_c297f4a2,confirmed,2026-08-18T10:00:00+05:30
hld_1b601cd5,inv_293d5a33,usr_fc8fd348,2,hidem_44d485ffee1315e6,2026-08-16T04:45:00+05:30,2026-08-16T05:05:00+05:30,,,active,2026-08-18T10:00:00+05:30
hld_362a75d7,inv_9cac0a92,usr_f6db29eb,2,hidem_3c15827fafa8cc34,2026-08-11T08:30:00+05:30,2026-08-11T08:40:00+05:30,2026-08-11T08:47:00+05:30,,released,2026-08-18T10:00:00+05:30
hld_b6cfdebf,inv_5d011cf8,usr_f353d290,1,hidem_f8a195c31aa362ed,2026-08-14T23:15:00+05:30,2026-08-14T23:25:00+05:30,,,active,2026-08-18T10:00:00+05:30
hld_b6d53df2,inv_80745e7b,usr_fe056e56,1,hidem_2201f036505f2544,2026-08-15T06:15:00+05:30,2026-08-15T06:25:00+05:30,,bkg_faa05371,confirmed,2026-08-18T10:00:00+05:30
hld_c5312da1,inv_30163fef,usr_6e3b5c10,2,hidem_2abc55d4a26abf78,2026-08-11T13:30:00+05:30,2026-08-11T13:50:00+05:30,,,active,2026-08-18T10:00:00+05:30
hld_1ab20f03,inv_0f7aaaca,usr_5e4aa2d9,2,hidem_19c02947884339af,2026-08-12T07:15:00+05:30,2026-08-12T07:25:00+05:30,2026-08-12T07:32:00+05:30,,expired,2026-08-18T10:00:00+05:30
hld_c7fad90c,inv_a52f3e42,usr_9059c966,2,hidem_953fd6a74cb6d4da,2026-08-15T09:15:00+05:30,2026-08-15T09:25:00+05:30,,bkg_d6549727,confirmed,2026-08-18T10:00:00+05:30
hld_27378bea,inv_94843e25,usr_6a108f4e,1,hidem_2f1dc10afcae2e5a,2026-08-12T11:00:00+05:30,2026-08-12T11:20:00+05:30,,bkg_6a333036,confirmed,2026-08-18T10:00:00+05:30
hld_41c3242e,inv_74515baf,usr_a0b28bd2,1,hidem_a3ceae3006bcd762,2026-08-17T02:15:00+05:30,2026-08-17T02:30:00+05:30,,bkg_f3964a78,confirmed,2026-08-18T10:00:00+05:30
hld_3b07f0a2,inv_010af293,usr_7da99ef5,2,hidem_e32db713e67a6923,2026-08-13T13:30:00+05:30,2026-08-13T13:50:00+05:30,,bkg_52bbf836,confirmed,2026-08-18T10:00:00+05:30
hld_9422db98,inv_f65c42d3,usr_5d8450f0,2,hidem_95157f1135d697d1,2026-08-10T03:30:00+05:30,2026-08-10T03:45:00+05:30,2026-08-10T03:47:00+05:30,,expired,2026-08-18T10:00:00+05:30
hld_a5cf5df1,inv_c8d99a32,usr_e2490a9e,2,hidem_746f59339943b626,2026-08-14T09:30:00+05:30,2026-08-14T09:50:00+05:30,,,active,2026-08-18T10:00:00+05:30
hld_a28ea2b5,inv_d09d7375,usr_fecd2601,1,hidem_93f160f1f8507cbb,2026-08-15T23:45:00+05:30,2026-08-15T23:55:00+05:30,,bkg_d49c3637,confirmed,2026-08-18T10:00:00+05:30
hld_a778b17a,inv_52688d46,usr_7f26d855,1,hidem_e45c859f64a73632,2026-08-12T20:00:00+05:30,2026-08-12T20:10:00+05:30,,bkg_c581f114,confirmed,2026-08-18T10:00:00+05:30
hld_478947bf,inv_89092ca2,usr_97d7df2b,2,hidem_f053a3f0aae50067,2026-08-17T02:45:00+05:30,2026-08-17T03:05:00+05:30,2026-08-17T03:02:00+05:30,,released,2026-08-18T10:00:00+05:30
hld_1651c408,inv_b8095b0d,usr_ce941853,1,hidem_25686d6664bb3504,2026-08-16T08:45:00+05:30,2026-08-16T09:00:00+05:30,,,active,2026-08-18T10:00:00+05:30
hld_2ad7394e,inv_61b9ba28,usr_ede8042e,2,hidem_b6debf62ebae282b,2026-08-15T04:30:00+05:30,2026-08-15T04:40:00+05:30,,bkg_2954b3c9,confirmed,2026-08-18T10:00:00+05:30
hld_98a92e40,inv_8651bf8f,usr_1f670e21,1,hidem_99f971ce821f5e91,2026-08-16T16:00:00+05:30,2026-08-16T16:15:00+05:30,,bkg_71ce53df,confirmed,2026-08-18T10:00:00+05:30
hld_fbd158f2,inv_d1395696,usr_b9d5e7c6,2,hidem_f008637119ae8bdc,2026-08-11T19:15:00+05:30,2026-08-11T19:25:00+05:30,,bkg_02198fae,confirmed,2026-08-18T10:00:00+05:30
hld_df34020c,inv_626fba23,usr_5f1e6e1c,2,hidem_b77d564a34b0c16d,2026-08-12T00:30:00+05:30,2026-08-12T00:40:00+05:30,,,active,2026-08-18T10:00:00+05:30
hld_4ff2f257,inv_5a9da3d1,usr_0ae483ef,2,hidem_7ade2b7a9a7bb012,2026-08-17T03:15:00+05:30,2026-08-17T03:25:00+05:30,,,active,2026-08-18T10:00:00+05:30
hld_b473f07d,inv_e3deb1f7,usr_60fd8d80,1,hidem_755ff4220980a8d5,2026-08-16T18:15:00+05:30,2026-08-16T18:30:00+05:30,,bkg_98da4e90,confirmed,2026-08-18T10:00:00+05:30
hld_aaf6f8f5,inv_73897b6e,usr_23811da7,1,hidem_e130b058286ede88,2026-08-12T11:00:00+05:30,2026-08-12T11:15:00+05:30,,,active,2026-08-18T10:00:00+05:30
hld_2b908b27,inv_0c1c1222,usr_865c98a2,2,hidem_49f27a5768fe343c,2026-08-16T20:45:00+05:30,2026-08-16T20:55:00+05:30,,bkg_03e4061d,confirmed,2026-08-18T10:00:00+05:30
hld_7e9242da,inv_09f887cc,usr_91afdeed,2,hidem_0e4270d41f0b5c14,2026-08-13T11:45:00+05:30,2026-08-13T11:55:00+05:30,,bkg_2f266670,confirmed,2026-08-18T10:00:00+05:30
hld_cd444a2f,inv_6ed890bb,usr_e0a2b51a,2,hidem_2e640094e745b60b,2026-08-15T19:45:00+05:30,2026-08-15T20:05:00+05:30,2026-08-15T20:02:00+05:30,,released,2026-08-18T10:00:00+05:30
hld_d5cfe805,inv_edffd94a,usr_5c38267a,1,hidem_0268a3ad5d19c0aa,2026-08-11T15:15:00+05:30,2026-08-11T15:35:00+05:30,2026-08-11T15:32:00+05:30,,released,2026-08-18T10:00:00+05:30
hld_835df94f,inv_be02dbab,usr_7e0ddebe,2,hidem_11f60151e3d317a9,2026-08-12T16:30:00+05:30,2026-08-12T16:40:00+05:30,,bkg_869ddfba,confirmed,2026-08-18T10:00:00+05:30
hld_a4ffe8ea,inv_0a785d5c,usr_55a04c8d,1,hidem_66f347d418a03c29,2026-08-13T09:00:00+05:30,2026-08-13T09:20:00+05:30,2026-08-13T09:17:00+05:30,,expired,2026-08-18T10:00:00+05:30
hld_8d8ae1ad,inv_edd65eff,usr_fe13fe0f,2,hidem_b1772a2990d11d44,2026-08-14T11:45:00+05:30,2026-08-14T11:55:00+05:30,,,active,2026-08-18T10:00:00+05:30
hld_cd937ffa,inv_b7075c81,usr_05d0be25,1,hidem_4d109622c38c3603,2026-08-14T14:45:00+05:30,2026-08-14T14:55:00+05:30,2026-08-14T15:02:00+05:30,,released,2026-08-18T10:00:00+05:30
hld_dac4c874,inv_e0c4cd73,usr_f4293e56,1,hidem_7ac433ef67599d12,2026-08-12T04:00:00+05:30,2026-08-12T04:10:00+05:30,,bkg_f5b52b28,confirmed,2026-08-18T10:00:00+05:30
hld_dd324fe4,inv_13ccfa11,usr_1f3d0c32,2,hidem_28dcbcdf827bcce6,2026-08-16T09:45:00+05:30,2026-08-16T09:55:00+05:30,,bkg_faf17d11,confirmed,2026-08-18T10:00:00+05:30
hld_1151ed6a,inv_2fcf5058,usr_62216ab5,1,hidem_5377abe284c6b891,2026-08-15T19:45:00+05:30,2026-08-15T20:05:00+05:30,2026-08-15T20:02:00+05:30,,expired,2026-08-18T10:00:00+05:30
hld_544c14c1,inv_7ac63094,usr_ece2ab24,2,hidem_484d12d23f9cad52,2026-08-15T20:45:00+05:30,2026-08-15T21:00:00+05:30,2026-08-15T21:02:00+05:30,,expired,2026-08-18T10:00:00+05:30
hld_458c4d45,inv_08e3d1cb,usr_4e0c977f,1,hidem_50b55917b833837a,2026-08-16T08:15:00+05:30,2026-08-16T08:25:00+05:30,,bkg_e7f6c3e0,confirmed,2026-08-18T10:00:00+05:30
hld_7ac6d2af,inv_0318d79f,usr_b357f73c,1,hidem_32789789149e96a8,2026-08-13T12:15:00+05:30,2026-08-13T12:30:00+05:30,,,active,2026-08-18T10:00:00+05:30
hld_74255a80,inv_03fb1401,usr_ab44eb3e,2,hidem_ed32308b4a50c030,2026-08-10T03:45:00+05:30,2026-08-10T04:05:00+05:30,,bkg_0fe06257,confirmed,2026-08-18T10:00:00+05:30
hld_bff281be,inv_6071cb91,usr_c6cbfba5,2,hidem_7233594295c73495,2026-08-12T20:00:00+05:30,2026-08-12T20:15:00+05:30,2026-08-12T20:17:00+05:30,,released,2026-08-18T10:00:00+05:30
hld_3fd249ae,inv_276e42e0,usr_24f139e5,2,hidem_8a9dbd1c96ad3da2,2026-08-15T19:45:00+05:30,2026-08-15T19:55:00+05:30,,bkg_09e453a7,confirmed,2026-08-18T10:00:00+05:30
hld_35dda85b,inv_f97cfdf0,usr_671138ff,2,hidem_0fe323027a5a43e7,2026-08-10T07:00:00+05:30,2026-08-10T07:20:00+05:30,,bkg_c703a2c5,confirmed,2026-08-18T10:00:00+05:30
hld_b9e273f7,inv_cdd04693,usr_9059c966,1,hidem_0e418642929471bf,2026-08-15T23:30:00+05:30,2026-08-15T23:40:00+05:30,,bkg_c0de68da,confirmed,2026-08-18T10:00:00+05:30
hld_0bc42565,inv_a526c565,usr_1b834d08,1,hidem_7a6b89d1c26f0540,2026-08-11T21:15:00+05:30,2026-08-11T21:25:00+05:30,2026-08-11T21:32:00+05:30,,expired,2026-08-18T10:00:00+05:30
hld_5f98819d,inv_c86f6ca5,usr_e94f06ca,1,hidem_e87f07b4acda0662,2026-08-14T17:45:00+05:30,2026-08-14T18:05:00+05:30,,,active,2026-08-18T10:00:00+05:30
hld_1d382f8a,inv_f1bfa458,usr_df88839b,2,hidem_cdd4aa0bb6cdaf2e,2026-08-14T22:30:00+05:30,2026-08-14T22:45:00+05:30,,bkg_969c245d,confirmed,2026-08-18T10:00:00+05:30
hld_60222af8,inv_b5d83641,usr_4f00071d,1,hidem_3c371e8c1379f55e,2026-08-16T04:30:00+05:30,2026-08-16T04:40:00+05:30,,bkg_c2c4fc05,confirmed,2026-08-18T10:00:00+05:30
hld_18aa4ee4,inv_aca056f6,usr_2fcc58dc,2,hidem_b1bb3ef7e8eea6d1,2026-08-14T20:15:00+05:30,2026-08-14T20:35:00+05:30,2026-08-14T20:32:00+05:30,,released,2026-08-18T10:00:00+05:30
hld_bde34874,inv_4a7c5b22,usr_da5d7284,1,hidem_cfeffd1244c73308,2026-08-15T18:30:00+05:30,2026-08-15T18:50:00+05:30,,,active,2026-08-18T10:00:00+05:30
hld_bc2138cb,inv_4fead9db,usr_f6728ccc,2,hidem_d3c2acdf5891d4be,2026-08-15T17:00:00+05:30,2026-08-15T17:15:00+05:30,2026-08-15T17:17:00+05:30,,expired,2026-08-18T10:00:00+05:30
hld_8e850417,inv_0da67130,usr_5d8450f0,2,hidem_80a5fb90f6c5fa53,2026-08-14T23:30:00+05:30,2026-08-14T23:50:00+05:30,2026-08-14T23:47:00+05:30,,expired,2026-08-18T10:00:00+05:30
hld_c1d6bb70,inv_f83ff1bf,usr_f94b1e02,1,hidem_7dcccb1b04e109be,2026-08-17T17:30:00+05:30,2026-08-17T17:40:00+05:30,,,active,2026-08-18T10:00:00+05:30
hld_734b067a,inv_f6cfe105,usr_c426b4e1,1,hidem_320df47fc7616682,2026-08-14T21:00:00+05:30,2026-08-14T21:10:00+05:30,2026-08-14T21:17:00+05:30,,released,2026-08-18T10:00:00+05:30
hld_05ab781f,inv_b6029e7a,usr_4022bd9b,2,hidem_0b8cbaa2f88c0db2,2026-08-14T08:00:00+05:30,2026-08-14T08:20:00+05:30,2026-08-14T08:17:00+05:30,,expired,2026-08-18T10:00:00+05:30
hld_e4a09234,inv_2c5e78af,usr_410809ba,2,hidem_0ac84adf65db3b2d,2026-08-11T16:30:00+05:30,2026-08-11T16:45:00+05:30,2026-08-11T16:47:00+05:30,,released,2026-08-18T10:00:00+05:30
hld_f32cc8fe,inv_b91cb15e,usr_e076a69d,2,hidem_0f9d9cb40e8e8374,2026-08-11T14:30:00+05:30,2026-08-11T14:40:00+05:30,2026-08-11T14:47:00+05:30,,expired,2026-08-18T10:00:00+05:30
hld_091d6866,inv_c03f0797,usr_d312cbff,1,hidem_c260bca4533258ce,2026-08-13T16:15:00+05:30,2026-08-13T16:25:00+05:30,,bkg_a2f65719,confirmed,2026-08-18T10:00:00+05:30
hld_054fc080,inv_36cdb261,usr_595656b6,2,hidem_a71d500d1d67847d,2026-08-12T10:15:00+05:30,2026-08-12T10:30:00+05:30,,,active,2026-08-18T10:00:00+05:30
hld_06adce8e,inv_12431bbd,usr_ddcb196c,2,hidem_6ce5345494e69423,2026-08-17T07:45:00+05:30,2026-08-17T08:00:00+05:30,,,active,2026-08-18T10:00:00+05:30
hld_aaf55942,inv_8d2cb0c9,usr_dc1bd238,2,hidem_223d25436d15e28b,2026-08-17T11:45:00+05:30,2026-08-17T12:05:00+05:30,,,active,2026-08-18T10:00:00+05:30
hld_f90b8abd,inv_5e097106,usr_de0e4344,1,hidem_8fcbf71a11fcb1b7,2026-08-17T22:15:00+05:30,2026-08-17T22:25:00+05:30,,bkg_cf965f4b,confirmed,2026-08-18T10:00:00+05:30
hld_55df4fec,inv_70112ef3,usr_9e6dc4d3,2,hidem_eafe434eb45f6294,2026-08-11T01:00:00+05:30,2026-08-11T01:15:00+05:30,,bkg_4fb2aa27,confirmed,2026-08-18T10:00:00+05:30
hld_b69d4580,inv_ba180289,usr_759b4145,1,hidem_e1ab20c7fe485ce2,2026-08-12T15:15:00+05:30,2026-08-12T15:35:00+05:30,2026-08-12T15:32:00+05:30,,expired,2026-08-18T10:00:00+05:30
hld_7add2149,inv_7ad70e23,usr_e95757cb,2,hidem_ffbcea184c30af93,2026-08-13T16:45:00+05:30,2026-08-13T17:05:00+05:30,,bkg_72511bae,confirmed,2026-08-18T10:00:00+05:30
hld_e4243383,inv_b3c1d60b,usr_247f37bf,1,hidem_9814f59cdb53743e,2026-08-17T11:30:00+05:30,2026-08-17T11:40:00+05:30,,,active,2026-08-18T10:00:00+05:30
hld_6320b2b0,inv_3b1e5693,usr_fc8fd348,2,hidem_943b4b7a33d59da1,2026-08-16T07:30:00+05:30,2026-08-16T07:50:00+05:30,,,active,2026-08-18T10:00:00+05:30
hld_9097b9f3,inv_293b75d1,usr_eb6b7ee0,1,hidem_1f9bf132cefaa618,2026-08-14T06:30:00+05:30,2026-08-14T06:50:00+05:30,,,active,2026-08-18T10:00:00+05:30
hld_a5d11ffb,inv_f4216b47,usr_fe68ac3c,2,hidem_f3c402230b529793,2026-08-16T11:15:00+05:30,2026-08-16T11:35:00+05:30,,,active,2026-08-18T10:00:00+05:30
hld_2f776fcd,inv_b0f8ab50,usr_2aa556d6,2,hidem_a2ee4a4284d610a2,2026-08-13T03:00:00+05:30,2026-08-13T03:15:00+05:30,,,active,2026-08-18T10:00:00+05:30
hld_c031106d,inv_09e3c287,usr_8317ab30,2,hidem_51e59bb290fb5a43,2026-08-15T21:30:00+05:30,2026-08-15T21:45:00+05:30,2026-08-15T21:47:00+05:30,,released,2026-08-18T10:00:00+05:30
hld_7e5558d8,inv_abdae80d,usr_abfc225a,1,hidem_afdae9d8ef7ad240,2026-08-14T18:00:00+05:30,2026-08-14T18:20:00+05:30,,,active,2026-08-18T10:00:00+05:30
hld_5475ad84,inv_795b3007,usr_e47b6104,2,hidem_96915bd01a3a9a45,2026-08-13T08:15:00+05:30,2026-08-13T08:25:00+05:30,,bkg_bfba39c7,confirmed,2026-08-18T10:00:00+05:30
hld_e02f480b,inv_ec0c02c4,usr_d5dfb8d0,1,hidem_f6b7212f6b92b1b8,2026-08-14T21:45:00+05:30,2026-08-14T22:00:00+05:30,,bkg_5c48cab2,confirmed,2026-08-18T10:00:00+05:30
hld_8877c0c0,inv_7da264da,usr_7c7b9fd7,2,hidem_4d5fc63c77c37d22,2026-08-11T05:00:00+05:30,2026-08-11T05:10:00+05:30,,,active,2026-08-18T10:00:00+05:30
hld_0931c476,inv_2c9bdccd,usr_20ea4b19,2,hidem_99afc3d5f977a15f,2026-08-13T16:45:00+05:30,2026-08-13T17:00:00+05:30,,bkg_26141541,confirmed,2026-08-18T10:00:00+05:30
hld_f877ce3b,inv_eba06735,usr_57a830d8,2,hidem_c306705d87e61093,2026-08-11T10:00:00+05:30,2026-08-11T10:15:00+05:30,2026-08-11T10:17:00+05:30,,released,2026-08-18T10:00:00+05:30
hld_43eeabca,inv_a34d015e,usr_5502e88b,1,hidem_e631d982487ac019,2026-08-16T22:00:00+05:30,2026-08-16T22:10:00+05:30,2026-08-16T22:17:00+05:30,,released,2026-08-18T10:00:00+05:30
hld_8f796097,inv_f697f9d6,usr_99bd0088,1,hidem_dcbec015d3429f52,2026-08-13T07:30:00+05:30,2026-08-13T07:50:00+05:30,,bkg_70931c84,confirmed,2026-08-18T10:00:00+05:30
hld_5fb8df2d,inv_947c81e5,usr_651a4d17,2,hidem_02d94501859d4f4e,2026-08-12T20:00:00+05:30,2026-08-12T20:15:00+05:30,,bkg_df30837b,confirmed,2026-08-18T10:00:00+05:30
hld_78c3ebf5,inv_2ab089ca,usr_7e684451,1,hidem_a9fe34d7891267f6,2026-08-16T11:45:00+05:30,2026-08-16T11:55:00+05:30,,,active,2026-08-18T10:00:00+05:30
hld_d07937be,inv_27070af1,usr_0b483652,2,hidem_f9d5f25d7a8848eb,2026-08-12T16:00:00+05:30,2026-08-12T16:20:00+05:30,,bkg_9fc2184f,confirmed,2026-08-18T10:00:00+05:30
hld_ba6f019f,inv_35932e32,usr_f8162b43,2,hidem_7fb3467b94036a05,2026-08-11T10:00:00+05:30,2026-08-11T10:20:00+05:30,,bkg_90e79cda,confirmed,2026-08-18T10:00:00+05:30
hld_489641ee,inv_055fa41b,usr_638c6951,1,hidem_3943119c5a1dbd09,2026-08-13T12:45:00+05:30,2026-08-13T12:55:00+05:30,,,active,2026-08-18T10:00:00+05:30
hld_6dd7b975,inv_5b0467bf,usr_372a30af,1,hidem_a2e76d41ac33ca8e,2026-08-16T13:30:00+05:30,2026-08-16T13:40:00+05:30,2026-08-16T13:47:00+05:30,,released,2026-08-18T10:00:00+05:30
hld_217b81b0,inv_8c382fa1,usr_c799c956,1,hidem_82c9a3537c7f0141,2026-08-10T07:00:00+05:30,2026-08-10T07:10:00+05:30,,bkg_b0699950,confirmed,2026-08-18T10:00:00+05:30
hld_6ab054e1,inv_76193f14,usr_44ef2e9c,2,hidem_8a3fd601f9463498,2026-08-15T01:30:00+05:30,2026-08-15T01:40:00+05:30,2026-08-15T01:47:00+05:30,,released,2026-08-18T10:00:00+05:30
hld_ba5cb7b5,inv_b0337dc8,usr_4b3af420,2,hidem_796765fb5a461e7e,2026-08-17T04:00:00+05:30,2026-08-17T04:15:00+05:30,,bkg_0fe06257,confirmed,2026-08-18T10:00:00+05:30
hld_5c6c5208,inv_f592806b,usr_5e9a11a1,1,hidem_7a252e54ec48286c,2026-08-13T17:30:00+05:30,2026-08-13T17:50:00+05:30,,bkg_3e653aa4,confirmed,2026-08-18T10:00:00+05:30
hld_a9e2e1ba,inv_d409f66d,usr_5d270409,1,hidem_ab6e651a34db9c14,2026-08-16T14:45:00+05:30,2026-08-16T15:00:00+05:30,,bkg_b94623ea,confirmed,2026-08-18T10:00:00+05:30
hld_c534dbef,inv_b6d753a6,usr_5de9da21,2,hidem_cdd24c14e178943c,2026-08-11T07:00:00+05:30,2026-08-11T07:15:00+05:30,,bkg_13dfd28b,confirmed,2026-08-18T10:00:00+05:30
hld_ea54722a,inv_e0b85f35,usr_b8779399,2,hidem_709696ff8c9ae0d0,2026-08-11T07:15:00+05:30,2026-08-11T07:30:00+05:30,2026-08-11T07:32:00+05:30,,expired,2026-08-18T10:00:00+05:30
hld_0ce5952b,inv_9118ab97,usr_ca0410cb,2,hidem_7f4d4b93ff5cd108,2026-08-10T18:30:00+05:30,2026-08-10T18:50:00+05:30,,,active,2026-08-18T10:00:00+05:30
hld_80a56a5e,inv_3192b6a1,usr_c46032f3,1,hidem_d587d0fbdf7160c4,2026-08-16T15:15:00+05:30,2026-08-16T15:25:00+05:30,2026-08-16T15:32:00+05:30,,expired,2026-08-18T10:00:00+05:30
hld_179897e4,inv_c86bffdd,usr_da5d7284,2,hidem_cb161f405b802285,2026-08-15T00:45:00+05:30,2026-08-15T01:05:00+05:30,,,active,2026-08-18T10:00:00+05:30
hld_fd53c689,inv_0358d112,usr_edf2bbfa,2,hidem_82c9a06f9aac1a4e,2026-08-16T23:00:00+05:30,2026-08-16T23:10:00+05:30,2026-08-16T23:17:00+05:30,,released,2026-08-18T10:00:00+05:30
hld_2d50ebf1,inv_99a7fc48,usr_c0b1d0d3,1,hidem_8fc300f63e08a3d3,2026-08-11T03:30:00+05:30,2026-08-11T03:40:00+05:30,,bkg_b36a8110,confirmed,2026-08-18T10:00:00+05:30
hld_f5d08d42,inv_b1e76ec8,usr_473f44c3,1,hidem_86ef87da2be5b715,2026-08-10T06:15:00+05:30,2026-08-10T06:30:00+05:30,,,active,2026-08-18T10:00:00+05:30
hld_ed3805c8,inv_f8d01751,usr_b2c6fdd5,1,hidem_5191de088702623b,2026-08-12T09:45:00+05:30,2026-08-12T09:55:00+05:30,,,active,2026-08-18T10:00:00+05:30
hld_d9872a8d,inv_2a1923b3,usr_96700977,2,hidem_477adcc5d4b9f611,2026-08-13T14:15:00+05:30,2026-08-13T14:35:00+05:30,2026-08-13T14:32:00+05:30,,expired,2026-08-18T10:00:00+05:30
hld_3f395b34,inv_f11b29bc,usr_0567fe37,1,hidem_b6921da372e3c547,2026-08-16T04:00:00+05:30,2026-08-16T04:10:00+05:30,,bkg_55382b3e,confirmed,2026-08-18T10:00:00+05:30
hld_5d8dc95b,inv_4d42ef55,usr_fcb4d1ef,2,hidem_2f800d6877cbd41e,2026-08-17T11:15:00+05:30,2026-08-17T11:35:00+05:30,2026-08-17T11:32:00+05:30,,expired,2026-08-18T10:00:00+05:30
hld_03c6196f,inv_841844d2,usr_2a348485,2,hidem_0a65e1076da58596,2026-08-10T10:45:00+05:30,2026-08-10T11:05:00+05:30,2026-08-10T11:02:00+05:30,,released,2026-08-18T10:00:00+05:30
hld_0d506be8,inv_44b74d99,usr_2e38cf37,1,hidem_495354375a106ae9,2026-08-11T16:15:00+05:30,2026-08-11T16:25:00+05:30,,bkg_7fa2dd99,confirmed,2026-08-18T10:00:00+05:30
hld_d76fd91e,inv_a37dfe75,usr_cdfb4f44,2,hidem_53782c11e44e0037,2026-08-14T18:45:00+05:30,2026-08-14T18:55:00+05:30,,,active,2026-08-18T10:00:00+05:30
hld_7fe98eef,inv_27a8f1f9,usr_de0e4344,2,hidem_c84ccbbcd74d2c35,2026-08-16T06:00:00+05:30,2026-08-16T06:15:00+05:30,,,active,2026-08-18T10:00:00+05:30
hld_1cbf3916,inv_d0d07f47,usr_86b7d9ab,1,hidem_b7a22cdfc8296ece,2026-08-13T09:00:00+05:30,2026-08-13T09:15:00+05:30,,bkg_0b358d9a,confirmed,2026-08-18T10:00:00+05:30
hld_81397d92,inv_14fb548b,usr_b0226153,1,hidem_b6a5525ac5372d95,2026-08-11T11:30:00+05:30,2026-08-11T11:45:00+05:30,2026-08-11T11:47:00+05:30,,released,2026-08-18T10:00:00+05:30
hld_588d4631,inv_fae27b0f,usr_a6b776c8,2,hidem_a670930930ac080e,2026-08-14T14:00:00+05:30,2026-08-14T14:15:00+05:30,,bkg_09a3beea,confirmed,2026-08-18T10:00:00+05:30
hld_5f9e13ad,inv_47b0a299,usr_52de2228,2,hidem_b3752868c2940ef5,2026-08-15T07:00:00+05:30,2026-08-15T07:10:00+05:30,,bkg_b1bd2087,confirmed,2026-08-18T10:00:00+05:30
hld_3e3b2729,inv_4293e70c,usr_0f45cfd7,1,hidem_c6e201f35f024a1f,2026-08-13T20:45:00+05:30,2026-08-13T21:00:00+05:30,2026-08-13T21:02:00+05:30,,expired,2026-08-18T10:00:00+05:30
hld_af8cc177,inv_922c3585,usr_326aed9f,1,hidem_7135093db9c2ad0f,2026-08-11T17:30:00+05:30,2026-08-11T17:40:00+05:30,,,active,2026-08-18T10:00:00+05:30
hld_dc3c5aff,inv_3716af69,usr_13fe8c0b,1,hidem_255fdadd17b81da2,2026-08-17T21:15:00+05:30,2026-08-17T21:35:00+05:30,,bkg_d01de9aa,confirmed,2026-08-18T10:00:00+05:30
hld_0ac05212,inv_47a2d984,usr_b07d9d74,1,hidem_ca92e4a0126d999a,2026-08-10T18:45:00+05:30,2026-08-10T19:05:00+05:30,,bkg_22514df7,confirmed,2026-08-18T10:00:00+05:30
hld_f3fcc60a,inv_2ff07d56,usr_b376fa1f,1,hidem_a284861313b2d16f,2026-08-16T03:00:00+05:30,2026-08-16T03:10:00+05:30,2026-08-16T03:17:00+05:30,,expired,2026-08-18T10:00:00+05:30
hld_78436fe4,inv_e16e4456,usr_759b4145,2,hidem_87717784c7653650,2026-08-14T17:15:00+05:30,2026-08-14T17:25:00+05:30,,,active,2026-08-18T10:00:00+05:30
hld_3b5131e0,inv_43e8bf08,usr_c46032f3,2,hidem_6c16c5605bc72bd2,2026-08-10T09:30:00+05:30,2026-08-10T09:50:00+05:30,2026-08-10T09:47:00+05:30,,released,2026-08-18T10:00:00+05:30
hld_7c1a027d,inv_6cc1fa22,usr_21b63d3b,1,hidem_4c724b5fbadd6d8f,2026-08-15T12:45:00+05:30,2026-08-15T13:00:00+05:30,,bkg_b7a0d41c,confirmed,2026-08-18T10:00:00+05:30
